<?xml version="1.0" encoding="UTF-8"?><soap:Envelope xmlns:soap="http://www.w3.org/2003/05/soap-envelope"><soap:Body><d2LogicalModel xmlns="http://datex2.eu/schema/2/2_0" modelBaseVersion="2"><exchange><supplierIdentification><country>fr</country><nationalIdentifier>Tipi</nationalIdentifier></supplierIdentification><subscription><operatingMode>operatingMode1</operatingMode><subscriptionStartTime>2023-10-09T20:41:32.604+02:00</subscriptionStartTime><subscriptionState>active</subscriptionState><updateMethod>allElementUpdate</updateMethod><target><address/><protocol/></target></subscription></exchange><payloadPublication xmlns:xsi="http://www.w3.org/2001/XMLSchema-instance" xsi:type="SituationPublication" lang="fr"><publicationTime>2023-10-09T20:41:32.604+02:00</publicationTime><publicationCreator><country>fr</country><nationalIdentifier>Tipi</nationalIdentifier></publicationCreator><situation id="231006-000778" version="5"><overallSeverity>medium</overallSeverity><situationVersionTime>2023-10-09T20:41:32.055+02:00</situationVersionTime><headerInformation><confidentiality>noRestriction</confidentiality><informationStatus>real</informationStatus></headerInformation><situationRecord xsi:type="RoadOrCarriagewayOrLaneManagement" id="231006-000778-102" version="4"><situationRecordCreationReference>frgen231005-000017-frgen231009-000021</situationRecordCreationReference><situationRecordCreationTime>2023-10-09T19:00:58.676+02:00</situationRecordCreationTime><situationRecordObservationTime>2023-10-09T20:32:33.022+02:00</situationRecordObservationTime><situationRecordVersionTime>2023-10-09T20:41:32.055+02:00</situationRecordVersionTime><situationRecordFirstSupplierVersionTime>2023-10-09T19:00:58.676+02:00</situationRecordFirstSupplierVersionTime><probabilityOfOccurrence>certain</probabilityOfOccurrence><source><sourceIdentification>Direction interdépartementale des routes/DIR Centre-Est</sourceIdentification><sourceType>mobileTelephoneCaller</sourceType><reliable>true</reliable></source><validity><validityStatus>definedByValidityTimeSpec</validityStatus><validityTimeSpecification><overallStartTime>2023-10-09T20:32:06.976+02:00</overallStartTime><overallEndTime>2023-10-10T06:00:00.000+02:00</overallEndTime></validityTimeSpecification></validity><impact><numberOfLanesRestricted>0</numberOfLanesRestricted><originalNumberOfLanes>2</originalNumberOfLanes></impact><generalPublicComment><comment><values><value lang="fr">DIR Centre-Est</value></values></comment><commentType>locationDescriptor</commentType></generalPublicComment><generalPublicComment><comment><values><value lang="fr">La mesure est obligatoire</value></values></comment><commentType>description</commentType></generalPublicComment><groupOfLocations xsi:type="Linear"><tpegLinearLocation><tpegDirection>southBound</tpegDirection><tpegLinearLocationType>segment</tpegLinearLocationType><to xsi:type="TpegNonJunctionPoint"><pointCoordinates><latitude>45.12454</latitude><longitude>5.6929846</longitude></pointCoordinates><name><descriptor><values><value lang="fr">Le Pont-de-Claix</value></values></descriptor><tpegOtherPointDescriptorType>townName</tpegOtherPointDescriptorType></name><name><descriptor><values><value lang="fr">RN85</value></values></descriptor><tpegOtherPointDescriptorType>linkName</tpegOtherPointDescriptorType></name></to><from xsi:type="TpegNonJunctionPoint"><pointCoordinates><latitude>45.102608</latitude><longitude>5.7131543</longitude></pointCoordinates><name><descriptor><values><value lang="fr">Champagnier</value></values></descriptor><tpegOtherPointDescriptorType>townName</tpegOtherPointDescriptorType></name><name><descriptor><values><value lang="fr">RN85</value></values></descriptor><tpegOtherPointDescriptorType>linkName</tpegOtherPointDescriptorType></name></from></tpegLinearLocation></groupOfLocations><situationRecordExtension><situationRecordExtendedApproved><safetyRelatedMessage>false</safetyRelatedMessage></situationRecordExtendedApproved></situationRecordExtension><complianceOption>mandatory</complianceOption><roadOrCarriagewayOrLaneManagementType>roadClosed</roadOrCarriagewayOrLaneManagementType></situationRecord><situationRecord xsi:type="RoadOrCarriagewayOrLaneManagement" id="231006-000778-103" version="4"><situationRecordCreationReference>frgen231005-000017-frgen231009-000022</situationRecordCreationReference><situationRecordCreationTime>2023-10-09T19:00:58.676+02:00</situationRecordCreationTime><situationRecordObservationTime>2023-10-09T20:41:28.466+02:00</situationRecordObservationTime><situationRecordVersionTime>2023-10-09T20:41:32.055+02:00</situationRecordVersionTime><situationRecordFirstSupplierVersionTime>2023-10-09T19:00:58.676+02:00</situationRecordFirstSupplierVersionTime><probabilityOfOccurrence>certain</probabilityOfOccurrence><source><sourceIdentification>Direction interdépartementale des routes/DIR Centre-Est</sourceIdentification><sourceType>mobileTelephoneCaller</sourceType><reliable>true</reliable></source><validity><validityStatus>definedByValidityTimeSpec</validityStatus><validityTimeSpecification><overallStartTime>2023-10-09T20:41:28.453+02:00</overallStartTime><overallEndTime>2023-10-10T06:00:00.000+02:00</overallEndTime></validityTimeSpecification></validity><impact><numberOfLanesRestricted>0</numberOfLanesRestricted><originalNumberOfLanes>1</originalNumberOfLanes></impact><generalPublicComment><comment><values><value lang="fr">DIR Centre-Est</value></values></comment><commentType>locationDescriptor</commentType></generalPublicComment><generalPublicComment><comment><values><value lang="fr">La mesure est obligatoire</value></values></comment><commentType>description</commentType></generalPublicComment><groupOfLocations xsi:type="Linear"><tpegLinearLocation><tpegDirection>southBound</tpegDirection><tpegLinearLocationType>segment</tpegLinearLocationType><to xsi:type="TpegNonJunctionPoint"><pointCoordinates><latitude>45.12454</latitude><longitude>5.6929846</longitude></pointCoordinates><name><descriptor><values><value lang="fr">Le Pont-de-Claix</value></values></descriptor><tpegOtherPointDescriptorType>townName</tpegOtherPointDescriptorType></name><name><descriptor><values><value lang="fr">RN85</value></values></descriptor><tpegOtherPointDescriptorType>linkName</tpegOtherPointDescriptorType></name></to><from xsi:type="TpegNonJunctionPoint"><pointCoordinates><latitude>45.102608</latitude><longitude>5.7131543</longitude></pointCoordinates><name><descriptor><values><value lang="fr">Champagnier</value></values></descriptor><tpegOtherPointDescriptorType>townName</tpegOtherPointDescriptorType></name><name><descriptor><values><value lang="fr">RN85</value></values></descriptor><tpegOtherPointDescriptorType>linkName</tpegOtherPointDescriptorType></name></from></tpegLinearLocation></groupOfLocations><situationRecordExtension><situationRecordExtendedApproved><safetyRelatedMessage>false</safetyRelatedMessage></situationRecordExtendedApproved></situationRecordExtension><complianceOption>mandatory</complianceOption><roadOrCarriagewayOrLaneManagementType>roadClosed</roadOrCarriagewayOrLaneManagementType></situationRecord><situationRecord xsi:type="MaintenanceWorks" id="231006-000778-1" version="5"><situationRecordCreationReference>frgen231005-000017-frgen231006-000009</situationRecordCreationReference><situationRecordCreationTime>2023-10-06T10:00:57.521+02:00</situationRecordCreationTime><situationRecordObservationTime>2023-10-09T20:32:07.034+02:00</situationRecordObservationTime><situationRecordVersionTime>2023-10-09T20:41:32.055+02:00</situationRecordVersionTime><situationRecordFirstSupplierVersionTime>2023-10-06T10:00:57.521+02:00</situationRecordFirstSupplierVersionTime><probabilityOfOccurrence>certain</probabilityOfOccurrence><source><sourceIdentification>Direction interdépartementale des routes/DIR Centre-Est</sourceIdentification><sourceType>mobileTelephoneCaller</sourceType><reliable>true</reliable></source><validity><validityStatus>definedByValidityTimeSpec</validityStatus><validityTimeSpecification><overallStartTime>2023-10-09T20:12:03.858+02:00</overallStartTime><overallEndTime>2023-10-11T06:00:00.000+02:00</overallEndTime></validityTimeSpecification></validity><impact><numberOfLanesRestricted>0</numberOfLanesRestricted><originalNumberOfLanes>2</originalNumberOfLanes></impact><generalPublicComment><comment><values><value lang="fr">DIR Centre-Est</value></values></comment><commentType>locationDescriptor</commentType></generalPublicComment><groupOfLocations xsi:type="Linear"><tpegLinearLocation><tpegDirection>southBound</tpegDirection><tpegLinearLocationType>segment</tpegLinearLocationType><to xsi:type="TpegNonJunctionPoint"><pointCoordinates><latitude>45.12454</latitude><longitude>5.6929846</longitude></pointCoordinates><name><descriptor><values><value lang="fr">Le Pont-de-Claix</value></values></descriptor><tpegOtherPointDescriptorType>townName</tpegOtherPointDescriptorType></name><name><descriptor><values><value lang="fr">RN85</value></values></descriptor><tpegOtherPointDescriptorType>linkName</tpegOtherPointDescriptorType></name></to><from xsi:type="TpegNonJunctionPoint"><pointCoordinates><latitude>45.102608</latitude><longitude>5.7131543</longitude></pointCoordinates><name><descriptor><values><value lang="fr">Champagnier</value></values></descriptor><tpegOtherPointDescriptorType>townName</tpegOtherPointDescriptorType></name><name><descriptor><values><value lang="fr">RN85</value></values></descriptor><tpegOtherPointDescriptorType>linkName</tpegOtherPointDescriptorType></name></from></tpegLinearLocation></groupOfLocations><situationRecordExtension><situationRecordExtendedApproved><safetyRelatedMessage>false</safetyRelatedMessage></situationRecordExtendedApproved></situationRecordExtension><mobility><mobilityType>stationary</mobilityType></mobility><roadMaintenanceType>roadMarkingWork</roadMaintenanceType></situationRecord></situation></payloadPublication></d2LogicalModel></soap:Body></soap:Envelope>