<?xml version="1.0" encoding="UTF-8"?><soap:Envelope xmlns:soap="http://www.w3.org/2003/05/soap-envelope"><soap:Body><d2LogicalModel xmlns="http://datex2.eu/schema/2/2_0" modelBaseVersion="2"><exchange><supplierIdentification><country>fr</country><nationalIdentifier>Tipi</nationalIdentifier></supplierIdentification><subscription><operatingMode>operatingMode1</operatingMode><subscriptionStartTime>2024-03-14T05:56:20.090+01:00</subscriptionStartTime><subscriptionState>active</subscriptionState><updateMethod>allElementUpdate</updateMethod><target><address/><protocol/></target></subscription></exchange><payloadPublication xmlns:xsi="http://www.w3.org/2001/XMLSchema-instance" xsi:type="SituationPublication" lang="fr"><publicationTime>2024-03-14T05:56:20.090+01:00</publicationTime><publicationCreator><country>fr</country><nationalIdentifier>Tipi</nationalIdentifier></publicationCreator><situation id="240314-000130" version="2"><overallSeverity>medium</overallSeverity><situationVersionTime>2024-03-14T05:56:19.499+01:00</situationVersionTime><headerInformation><confidentiality>noRestriction</confidentiality><informationStatus>real</informationStatus></headerInformation><situationRecord xsi:type="GeneralObstruction" id="240314-000130-102" version="1"><situationRecordCreationReference>frmar-240314-177281-frmar-240314-200813</situationRecordCreationReference><situationRecordCreationTime>2024-03-14T05:56:17.418+01:00</situationRecordCreationTime><situationRecordObservationTime>2024-03-14T05:56:17.418+01:00</situationRecordObservationTime><situationRecordVersionTime>2024-03-14T05:56:19.499+01:00</situationRecordVersionTime><situationRecordFirstSupplierVersionTime>2024-03-14T05:56:17.418+01:00</situationRecordFirstSupplierVersionTime><probabilityOfOccurrence>certain</probabilityOfOccurrence><source><sourceIdentification>Direction interdépartementale des routes/DIR Méditerranée</sourceIdentification><reliable>true</reliable></source><validity><validityStatus>definedByValidityTimeSpec</validityStatus><validityTimeSpecification><overallStartTime>2024-03-14T05:55:43.265+01:00</overallStartTime></validityTimeSpecification></validity><impact><numberOfLanesRestricted>0</numberOfLanesRestricted><originalNumberOfLanes>2</originalNumberOfLanes></impact><generalPublicComment><comment><values><value lang="fr">DIR Méditerranée/District Urbain/CAM</value></values></comment><commentType>locationDescriptor</commentType></generalPublicComment><generalPublicComment><comment><values><value lang="fr">Point particulier : début : situé 598 m au sud de Entremont, fin : situé 83 m au nord de Aix - Jas de Bouffan</value></values></comment><commentType>locationDescriptor</commentType></generalPublicComment><generalPublicComment><comment><values><value lang="fr">De Aix-en-Provence (Les Platanes) vers Aix-en-Provence (Jas de Bouffan)</value></values></comment><commentType>locationDescriptor</commentType></generalPublicComment><groupOfLocations xsi:type="Linear"><tpegLinearLocation><tpegDirection>westBound</tpegDirection><tpegLinearLocationType>segment</tpegLinearLocationType><to xsi:type="TpegNonJunctionPoint"><pointCoordinates><latitude>43.531178</latitude><longitude>5.4289513</longitude></pointCoordinates><name><descriptor><values><value lang="fr">Aix-en-Provence</value></values></descriptor><tpegOtherPointDescriptorType>townName</tpegOtherPointDescriptorType></name><name><descriptor><values><value lang="fr">N296</value></values></descriptor><tpegOtherPointDescriptorType>linkName</tpegOtherPointDescriptorType></name></to><from xsi:type="TpegNonJunctionPoint"><pointCoordinates><latitude>43.549915</latitude><longitude>5.430152</longitude></pointCoordinates><name><descriptor><values><value lang="fr">Aix-en-Provence</value></values></descriptor><tpegOtherPointDescriptorType>townName</tpegOtherPointDescriptorType></name><name><descriptor><values><value lang="fr">N296</value></values></descriptor><tpegOtherPointDescriptorType>linkName</tpegOtherPointDescriptorType></name></from></tpegLinearLocation><alertCLinear xsi:type="AlertCMethod4Linear"><alertCLocationCountryCode>F</alertCLocationCountryCode><alertCLocationTableNumber>32</alertCLocationTableNumber><alertCLocationTableVersion>11.0</alertCLocationTableVersion><alertCDirection><alertCDirectionCoded>negative</alertCDirectionCoded></alertCDirection><alertCMethod4PrimaryPointLocation><alertCLocation><alertCLocationName><values><value lang="fr">Aix - Jas de Bouffan</value></values></alertCLocationName><specificLocation>37006</specificLocation></alertCLocation><offsetDistance><offsetDistance>83</offsetDistance></offsetDistance></alertCMethod4PrimaryPointLocation><alertCMethod4SecondaryPointLocation><alertCLocation><alertCLocationName><values><value lang="fr">Entremont</value></values></alertCLocationName><specificLocation>14377</specificLocation></alertCLocation><offsetDistance><offsetDistance>598</offsetDistance></offsetDistance></alertCMethod4SecondaryPointLocation></alertCLinear><linearWithinLinearElement><directionRelativeOnLinearSection>opposite</directionRelativeOnLinearSection><linearElement><roadNumber>N0296</roadNumber></linearElement><fromPoint xsi:type="DistanceFromLinearElementReferent"><distanceAlong>156.0</distanceAlong><fromReferent><referentIdentifier>13PR0G</referentIdentifier><referentType>referenceMarker</referentType></fromReferent></fromPoint><toPoint xsi:type="DistanceFromLinearElementReferent"><distanceAlong>0.0</distanceAlong><fromReferent><referentIdentifier>13PR3G</referentIdentifier><referentType>referenceMarker</referentType></fromReferent></toPoint></linearWithinLinearElement></groupOfLocations><situationRecordExtension><situationRecordExtendedApproved><safetyRelatedMessage>true</safetyRelatedMessage></situationRecordExtendedApproved></situationRecordExtension><obstructionType>objectsFallingFromMovingVehicle</obstructionType></situationRecord><situationRecord xsi:type="GeneralObstruction" id="240314-000130-1" version="2"><situationRecordCreationReference>frmar-240314-177281-frmar-240314-200812</situationRecordCreationReference><situationRecordCreationTime>2024-03-14T05:55:22.450+01:00</situationRecordCreationTime><situationRecordObservationTime>2024-03-14T05:55:22.450+01:00</situationRecordObservationTime><situationRecordVersionTime>2024-03-14T05:56:19.499+01:00</situationRecordVersionTime><situationRecordFirstSupplierVersionTime>2024-03-14T05:55:22.450+01:00</situationRecordFirstSupplierVersionTime><probabilityOfOccurrence>certain</probabilityOfOccurrence><source><sourceIdentification>Direction interdépartementale des routes/DIR Méditerranée</sourceIdentification><reliable>true</reliable></source><validity><validityStatus>definedByValidityTimeSpec</validityStatus><validityTimeSpecification><overallStartTime>2024-03-14T05:54:58.679+01:00</overallStartTime></validityTimeSpecification></validity><impact><numberOfLanesRestricted>0</numberOfLanesRestricted><originalNumberOfLanes>2</originalNumberOfLanes></impact><generalPublicComment><comment><values><value lang="fr">DIR Méditerranée/District Urbain/CAM</value></values></comment><commentType>locationDescriptor</commentType></generalPublicComment><generalPublicComment><comment><values><value lang="fr">Point particulier : début : situé 825 m au sud de Aix-en-Provence - Jas de Bouff, fin : situé 508 m au nord de Les Milles</value></values></comment><commentType>locationDescriptor</commentType></generalPublicComment><generalPublicComment><comment><values><value lang="fr">De Grenoble vers Marseille</value></values></comment><commentType>locationDescriptor</commentType></generalPublicComment><groupOfLocations xsi:type="Linear"><tpegLinearLocation><tpegDirection>southBound</tpegDirection><tpegLinearLocationType>segment</tpegLinearLocationType><to xsi:type="TpegNonJunctionPoint"><pointCoordinates><latitude>43.50934</latitude><longitude>5.4147725</longitude></pointCoordinates><name><descriptor><values><value lang="fr">Aix-en-Provence</value></values></descriptor><tpegOtherPointDescriptorType>townName</tpegOtherPointDescriptorType></name><name><descriptor><values><value lang="fr">A51</value></values></descriptor><tpegOtherPointDescriptorType>linkName</tpegOtherPointDescriptorType></name></to><from xsi:type="TpegNonJunctionPoint"><pointCoordinates><latitude>43.522648</latitude><longitude>5.4268675</longitude></pointCoordinates><name><descriptor><values><value lang="fr">Aix-en-Provence</value></values></descriptor><tpegOtherPointDescriptorType>townName</tpegOtherPointDescriptorType></name><name><descriptor><values><value lang="fr">A51</value></values></descriptor><tpegOtherPointDescriptorType>linkName</tpegOtherPointDescriptorType></name></from></tpegLinearLocation><alertCLinear xsi:type="AlertCMethod4Linear"><alertCLocationCountryCode>F</alertCLocationCountryCode><alertCLocationTableNumber>32</alertCLocationTableNumber><alertCLocationTableVersion>11.0</alertCLocationTableVersion><alertCDirection><alertCDirectionCoded>negative</alertCDirectionCoded></alertCDirection><alertCMethod4PrimaryPointLocation><alertCLocation><alertCLocationName><values><value lang="fr">Les Milles</value></values></alertCLocationName><specificLocation>12730</specificLocation></alertCLocation><offsetDistance><offsetDistance>508</offsetDistance></offsetDistance></alertCMethod4PrimaryPointLocation><alertCMethod4SecondaryPointLocation><alertCLocation><alertCLocationName><values><value lang="fr">Aix-en-Provence - Jas de Bouff</value></values></alertCLocationName><specificLocation>12733</specificLocation></alertCLocation><offsetDistance><offsetDistance>825</offsetDistance></offsetDistance></alertCMethod4SecondaryPointLocation></alertCLinear><linearWithinLinearElement><directionRelativeOnLinearSection>opposite</directionRelativeOnLinearSection><linearElement><roadNumber>A0051</roadNumber></linearElement><fromPoint xsi:type="DistanceFromLinearElementReferent"><distanceAlong>880.0</distanceAlong><fromReferent><referentIdentifier>13PR14G</referentIdentifier><referentType>referenceMarker</referentType></fromReferent></fromPoint><toPoint xsi:type="DistanceFromLinearElementReferent"><distanceAlong>0.0</distanceAlong><fromReferent><referentIdentifier>13PR17G</referentIdentifier><referentType>referenceMarker</referentType></fromReferent></toPoint></linearWithinLinearElement></groupOfLocations><situationRecordExtension><situationRecordExtendedApproved><safetyRelatedMessage>true</safetyRelatedMessage></situationRecordExtendedApproved></situationRecordExtension><obstructionType>objectsFallingFromMovingVehicle</obstructionType></situationRecord></situation></payloadPublication></d2LogicalModel></soap:Body></soap:Envelope>