<?xml version="1.0" encoding="UTF-8"?><soap:Envelope xmlns:soap="http://www.w3.org/2003/05/soap-envelope"><soap:Body><d2LogicalModel xmlns="http://datex2.eu/schema/2/2_0" modelBaseVersion="2"><exchange><supplierIdentification><country>fr</country><nationalIdentifier>Tipi</nationalIdentifier></supplierIdentification><subscription><operatingMode>operatingMode1</operatingMode><subscriptionStartTime>2022-10-09T01:23:09.278+02:00</subscriptionStartTime><subscriptionState>active</subscriptionState><updateMethod>allElementUpdate</updateMethod><target><address/><protocol/></target></subscription></exchange><payloadPublication xmlns:xsi="http://www.w3.org/2001/XMLSchema-instance" xsi:type="SituationPublication" lang="fr"><publicationTime>2022-10-09T01:23:09.278+02:00</publicationTime><publicationCreator><country>fr</country><nationalIdentifier>Tipi</nationalIdentifier></publicationCreator><situation id="221009-000043" version="1"><overallSeverity>medium</overallSeverity><situationVersionTime>2022-10-09T01:23:08.198+02:00</situationVersionTime><headerInformation><confidentiality>noRestriction</confidentiality><informationStatus>real</informationStatus></headerInformation><situationRecord xsi:type="VehicleObstruction" id="221009-000043-1" version="1"><situationRecordCreationReference>frmar-221009-139359-frmar-221009-156020</situationRecordCreationReference><situationRecordCreationTime>2022-10-09T01:23:05.230+02:00</situationRecordCreationTime><situationRecordObservationTime>2022-10-09T01:23:05.230+02:00</situationRecordObservationTime><situationRecordVersionTime>2022-10-09T01:23:08.198+02:00</situationRecordVersionTime><situationRecordFirstSupplierVersionTime>2022-10-09T01:23:05.230+02:00</situationRecordFirstSupplierVersionTime><probabilityOfOccurrence>certain</probabilityOfOccurrence><source><sourceIdentification>Direction interdépartementale des routes/DIR Méditerranée</sourceIdentification><reliable>true</reliable></source><validity><validityStatus>definedByValidityTimeSpec</validityStatus><validityTimeSpecification><overallStartTime>2022-10-09T01:19:39.010+02:00</overallStartTime></validityTimeSpecification></validity><impact><numberOfLanesRestricted>1</numberOfLanesRestricted><originalNumberOfLanes>2</originalNumberOfLanes></impact><generalPublicComment><comment><values><value lang="fr">DIR Méditerranée/District Urbain/CAM</value></values></comment><commentType>locationDescriptor</commentType></generalPublicComment><generalPublicComment><comment><values><value lang="fr">situé 157 m au nord de Les Trois Pigeons</value></values></comment><commentType>locationDescriptor</commentType></generalPublicComment><generalPublicComment><comment><values><value lang="fr">De Grenoble vers Marseille</value></values></comment><commentType>locationDescriptor</commentType></generalPublicComment><groupOfLocations xsi:type="Point"><tpegPointLocation xsi:type="TpegSimplePoint"><tpegDirection>southBound</tpegDirection><tpegSimplePointLocationType>nonLinkedPoint</tpegSimplePointLocationType><point xsi:type="TpegNonJunctionPoint"><pointCoordinates><latitude>43.467255</latitude><longitude>5.407139</longitude></pointCoordinates><name><descriptor><values><value lang="fr">Bouc-Bel-Air</value></values></descriptor><tpegOtherPointDescriptorType>townName</tpegOtherPointDescriptorType></name><name><descriptor><values><value lang="fr">A51</value></values></descriptor><tpegOtherPointDescriptorType>linkName</tpegOtherPointDescriptorType></name></point></tpegPointLocation><alertCPoint xsi:type="AlertCMethod4Point"><alertCLocationCountryCode>F</alertCLocationCountryCode><alertCLocationTableNumber>32</alertCLocationTableNumber><alertCLocationTableVersion>11.0</alertCLocationTableVersion><alertCDirection><alertCDirectionCoded>negative</alertCDirectionCoded></alertCDirection><alertCMethod4PrimaryPointLocation><alertCLocation><alertCLocationName><values><value lang="fr">Les Trois Pigeons</value></values></alertCLocationName><specificLocation>12728</specificLocation></alertCLocation><offsetDistance><offsetDistance>157</offsetDistance></offsetDistance></alertCMethod4PrimaryPointLocation></alertCPoint><pointAlongLinearElement><directionRelativeAtPoint>opposite</directionRelativeAtPoint><linearElement><roadNumber>A0051</roadNumber></linearElement><distanceAlongLinearElement xsi:type="DistanceFromLinearElementReferent"><distanceAlong>966.0</distanceAlong><fromReferent><referentIdentifier>13PR9G</referentIdentifier><referentType>referenceMarker</referentType></fromReferent></distanceAlongLinearElement></pointAlongLinearElement></groupOfLocations><situationRecordExtension><situationRecordExtendedApproved><safetyRelatedMessage>true</safetyRelatedMessage></situationRecordExtendedApproved></situationRecordExtension><vehicleObstructionType>brokenDownVehicle</vehicleObstructionType><obstructingVehicle><vehicleCharacteristics><vehicleType>car</vehicleType></vehicleCharacteristics></obstructingVehicle></situationRecord></situation></payloadPublication></d2LogicalModel></soap:Body></soap:Envelope>