<?xml version="1.0" encoding="UTF-8"?><soap:Envelope xmlns:soap="http://www.w3.org/2003/05/soap-envelope"><soap:Body><d2LogicalModel xmlns="http://datex2.eu/schema/2/2_0" modelBaseVersion="2"><exchange><supplierIdentification><country>fr</country><nationalIdentifier>Tipi</nationalIdentifier></supplierIdentification><subscription><operatingMode>operatingMode1</operatingMode><subscriptionStartTime>2023-09-30T09:36:29.889+02:00</subscriptionStartTime><subscriptionState>active</subscriptionState><updateMethod>allElementUpdate</updateMethod><target><address/><protocol/></target></subscription></exchange><payloadPublication xmlns:xsi="http://www.w3.org/2001/XMLSchema-instance" xsi:type="SituationPublication" lang="fr"><publicationTime>2023-09-30T09:36:29.889+02:00</publicationTime><publicationCreator><country>fr</country><nationalIdentifier>Tipi</nationalIdentifier></publicationCreator><situation id="230930-000336" version="1"><overallSeverity>medium</overallSeverity><situationVersionTime>2023-09-30T09:36:29.379+02:00</situationVersionTime><headerInformation><confidentiality>noRestriction</confidentiality><informationStatus>real</informationStatus></headerInformation><situationRecord xsi:type="AnimalPresenceObstruction" id="230930-000336-1" version="1"><situationRecordCreationTime>2023-09-30T09:33:12.576+02:00</situationRecordCreationTime><situationRecordObservationTime>2023-09-30T09:33:12.576+02:00</situationRecordObservationTime><situationRecordVersionTime>2023-09-30T09:36:29.379+02:00</situationRecordVersionTime><situationRecordFirstSupplierVersionTime>2023-09-30T09:33:12.576+02:00</situationRecordFirstSupplierVersionTime><probabilityOfOccurrence>certain</probabilityOfOccurrence><source><sourceIdentification>Direction interdépartementale des routes/DIR Nord</sourceIdentification><sourceName><values><value lang="fr">CEI de Clermont</value></values></sourceName><reliable>true</reliable></source><validity><validityStatus>definedByValidityTimeSpec</validityStatus><validityTimeSpecification><overallStartTime>2023-09-30T09:33:12.576+02:00</overallStartTime></validityTimeSpecification></validity><impact><originalNumberOfLanes>2</originalNumberOfLanes></impact><generalPublicComment><comment><values><value lang="fr">DIR Nord/District Laon/CEI de Clermont</value></values></comment><commentType>locationDescriptor</commentType></generalPublicComment><generalPublicComment><comment><values><value lang="fr">situé 569 m à l'ouest de Clermont ouest</value></values></comment><commentType>locationDescriptor</commentType></generalPublicComment><generalPublicComment><comment><values><value lang="fr">De Beauvais vers Reims</value></values></comment><commentType>locationDescriptor</commentType></generalPublicComment><generalPublicComment><comment><values><value lang="fr">Animal écrasé signalé (Blaireau)</value></values></comment><commentType>internalNote</commentType></generalPublicComment><groupOfLocations xsi:type="Point"><supplementaryPositionalDescription><affectedCarriagewayAndLanes><carriageway>mainCarriageway</carriageway><lane>lane1</lane></affectedCarriagewayAndLanes></supplementaryPositionalDescription><tpegPointLocation xsi:type="TpegSimplePoint"><tpegDirection>eastBound</tpegDirection><tpegSimplePointLocationType>nonLinkedPoint</tpegSimplePointLocationType><point xsi:type="TpegNonJunctionPoint"><pointCoordinates><latitude>49.391167</latitude><longitude>2.38402</longitude></pointCoordinates><name><descriptor><values><value lang="fr">Agnetz</value></values></descriptor><tpegOtherPointDescriptorType>townName</tpegOtherPointDescriptorType></name><name><descriptor><values><value lang="fr">N31</value></values></descriptor><tpegOtherPointDescriptorType>linkName</tpegOtherPointDescriptorType></name></point></tpegPointLocation><alertCPoint xsi:type="AlertCMethod4Point"><alertCLocationCountryCode>F</alertCLocationCountryCode><alertCLocationTableNumber>32</alertCLocationTableNumber><alertCLocationTableVersion>11.0</alertCLocationTableVersion><alertCDirection><alertCDirectionCoded>positive</alertCDirectionCoded></alertCDirection><alertCMethod4PrimaryPointLocation><alertCLocation><alertCLocationName><values><value lang="fr">Clermont ouest</value></values></alertCLocationName><specificLocation>28355</specificLocation></alertCLocation><offsetDistance><offsetDistance>569</offsetDistance></offsetDistance></alertCMethod4PrimaryPointLocation></alertCPoint><pointAlongLinearElement><directionRelativeAtPoint>aligned</directionRelativeAtPoint><linearElement><roadNumber>N0031</roadNumber></linearElement><distanceAlongLinearElement xsi:type="DistanceFromLinearElementReferent"><distanceAlong>0.0</distanceAlong><fromReferent><referentIdentifier>60PR50D</referentIdentifier><referentType>referenceMarker</referentType></fromReferent></distanceAlongLinearElement></pointAlongLinearElement></groupOfLocations><situationRecordExtension><situationRecordExtendedApproved><safetyRelatedMessage>true</safetyRelatedMessage></situationRecordExtendedApproved></situationRecordExtension><alive>false</alive><animalPresenceType>animalsOnTheRoad</animalPresenceType></situationRecord></situation></payloadPublication></d2LogicalModel></soap:Body></soap:Envelope>