<?xml version="1.0" encoding="UTF-8"?><soap:Envelope xmlns:soap="http://www.w3.org/2003/05/soap-envelope"><soap:Body><d2LogicalModel xmlns="http://datex2.eu/schema/2/2_0" modelBaseVersion="2"><exchange><supplierIdentification><country>fr</country><nationalIdentifier>Tipi</nationalIdentifier></supplierIdentification><subscription><operatingMode>operatingMode1</operatingMode><subscriptionStartTime>2024-09-23T08:08:16.871+02:00</subscriptionStartTime><subscriptionState>active</subscriptionState><updateMethod>allElementUpdate</updateMethod><target><address/><protocol/></target></subscription></exchange><payloadPublication xmlns:xsi="http://www.w3.org/2001/XMLSchema-instance" xsi:type="SituationPublication" lang="fr"><publicationTime>2024-09-23T08:08:16.871+02:00</publicationTime><publicationCreator><country>fr</country><nationalIdentifier>Tipi</nationalIdentifier></publicationCreator><situation id="240917-001501" version="4"><overallSeverity>medium</overallSeverity><situationVersionTime>2024-09-23T08:08:16.067+02:00</situationVersionTime><headerInformation><confidentiality>noRestriction</confidentiality><informationStatus>real</informationStatus></headerInformation><situationRecord xsi:type="MaintenanceWorks" id="240917-001501-1" version="4"><situationRecordCreationTime>2024-09-17T14:17:06.600+02:00</situationRecordCreationTime><situationRecordObservationTime>2024-09-23T08:07:44.482+02:00</situationRecordObservationTime><situationRecordVersionTime>2024-09-23T08:08:16.067+02:00</situationRecordVersionTime><situationRecordFirstSupplierVersionTime>2024-09-17T14:17:06.600+02:00</situationRecordFirstSupplierVersionTime><probabilityOfOccurrence>certain</probabilityOfOccurrence><source><sourceIdentification>Direction interdépartementale des routes/DIR Sud-Ouest</sourceIdentification><sourceName><values><value lang="fr">District Sud (Foix)</value></values></sourceName><reliable>true</reliable></source><validity><validityStatus>definedByValidityTimeSpec</validityStatus><validityTimeSpecification><overallStartTime>2024-09-23T08:00:00.000+02:00</overallStartTime><overallEndTime>2024-10-04T17:00:00.000+02:00</overallEndTime><validPeriod><periodName><values><value lang="FR">Uniquement de jour</value></values></periodName></validPeriod></validityTimeSpecification></validity><generalPublicComment><comment><values><value lang="fr">DIR Sud-Ouest/District Sud (Foix)/CEI L'Hospitalet/Garanou</value></values></comment><commentType>locationDescriptor</commentType></generalPublicComment><generalPublicComment><comment><values><value lang="fr">Réalisation de sondages géotechniques</value></values></comment><commentType>description</commentType></generalPublicComment><generalPublicComment><comment><values><value lang="fr">Point particulier : début : situé 49 m au sud de Poste de Douane, fin : situé 6370 m au nord de Col du Puymorens</value></values></comment><commentType>locationDescriptor</commentType></generalPublicComment><groupOfLocations xsi:type="Linear"><tpegLinearLocation><tpegDirection>bothWays</tpegDirection><tpegLinearLocationType>segment</tpegLinearLocationType><to xsi:type="TpegNonJunctionPoint"><pointCoordinates><latitude>42.56659</latitude><longitude>1.7792498</longitude></pointCoordinates><name><descriptor><values><value lang="fr">Porté-Puymorens</value></values></descriptor><tpegOtherPointDescriptorType>townName</tpegOtherPointDescriptorType></name><name><descriptor><values><value lang="fr">N320</value></values></descriptor><tpegOtherPointDescriptorType>linkName</tpegOtherPointDescriptorType></name></to><from xsi:type="TpegNonJunctionPoint"><pointCoordinates><latitude>42.56671</latitude><longitude>1.779414</longitude></pointCoordinates><name><descriptor><values><value lang="fr">Porté-Puymorens</value></values></descriptor><tpegOtherPointDescriptorType>townName</tpegOtherPointDescriptorType></name><name><descriptor><values><value lang="fr">N320</value></values></descriptor><tpegOtherPointDescriptorType>linkName</tpegOtherPointDescriptorType></name></from></tpegLinearLocation><alertCLinear xsi:type="AlertCMethod4Linear"><alertCLocationCountryCode>F</alertCLocationCountryCode><alertCLocationTableNumber>32</alertCLocationTableNumber><alertCLocationTableVersion>11.0</alertCLocationTableVersion><alertCDirection><alertCDirectionCoded>both</alertCDirectionCoded></alertCDirection><alertCMethod4PrimaryPointLocation><alertCLocation><alertCLocationName><values><value lang="fr">Col du Puymorens</value></values></alertCLocationName><specificLocation>37226</specificLocation></alertCLocation><offsetDistance><offsetDistance>6370</offsetDistance></offsetDistance></alertCMethod4PrimaryPointLocation><alertCMethod4SecondaryPointLocation><alertCLocation><alertCLocationName><values><value lang="fr">Poste de Douane</value></values></alertCLocationName><specificLocation>37550</specificLocation></alertCLocation><offsetDistance><offsetDistance>49</offsetDistance></offsetDistance></alertCMethod4SecondaryPointLocation></alertCLinear><linearWithinLinearElement><directionRelativeOnLinearSection>both</directionRelativeOnLinearSection><linearElement><roadNumber>N0320</roadNumber></linearElement><fromPoint xsi:type="DistanceFromLinearElementReferent"><distanceAlong>300.0</distanceAlong><fromReferent><referentIdentifier>66PR1U</referentIdentifier><referentType>referenceMarker</referentType></fromReferent></fromPoint><toPoint xsi:type="DistanceFromLinearElementReferent"><distanceAlong>280.0</distanceAlong><fromReferent><referentIdentifier>66PR1U</referentIdentifier><referentType>referenceMarker</referentType></fromReferent></toPoint></linearWithinLinearElement></groupOfLocations><situationRecordExtension><situationRecordExtendedApproved><safetyRelatedMessage>false</safetyRelatedMessage></situationRecordExtendedApproved></situationRecordExtension><roadworksScale>medium</roadworksScale><mobility><mobilityType>stationary</mobilityType></mobility><roadMaintenanceType>maintenanceWork</roadMaintenanceType></situationRecord><situationRecord xsi:type="RoadOrCarriagewayOrLaneManagement" id="240917-001501-2" version="4"><situationRecordCreationTime>2024-09-17T14:17:06.600+02:00</situationRecordCreationTime><situationRecordObservationTime>2024-09-23T08:07:44.482+02:00</situationRecordObservationTime><situationRecordVersionTime>2024-09-23T08:08:16.067+02:00</situationRecordVersionTime><situationRecordFirstSupplierVersionTime>2024-09-17T14:17:06.600+02:00</situationRecordFirstSupplierVersionTime><probabilityOfOccurrence>certain</probabilityOfOccurrence><source><sourceIdentification>Direction interdépartementale des routes/DIR Sud-Ouest</sourceIdentification><sourceName><values><value lang="fr">District Sud (Foix)</value></values></sourceName><reliable>true</reliable></source><validity><validityStatus>definedByValidityTimeSpec</validityStatus><validityTimeSpecification><overallStartTime>2024-09-23T08:00:00.000+02:00</overallStartTime><overallEndTime>2024-10-04T17:00:00.000+02:00</overallEndTime><validPeriod><periodName><values><value lang="FR">Uniquement de jour</value></values></periodName></validPeriod></validityTimeSpecification></validity><generalPublicComment><comment><values><value lang="fr">DIR Sud-Ouest/District Sud (Foix)/CEI L'Hospitalet/Garanou</value></values></comment><commentType>locationDescriptor</commentType></generalPublicComment><generalPublicComment><comment><values><value lang="fr">La circulation sera alternée manuellement par piquets K10</value></values></comment><commentType>description</commentType></generalPublicComment><generalPublicComment><comment><values><value lang="fr">Point particulier : début : situé 49 m au sud de Poste de Douane, fin : situé 6370 m au nord de Col du Puymorens</value></values></comment><commentType>locationDescriptor</commentType></generalPublicComment><groupOfLocations xsi:type="Linear"><tpegLinearLocation><tpegDirection>bothWays</tpegDirection><tpegLinearLocationType>segment</tpegLinearLocationType><to xsi:type="TpegNonJunctionPoint"><pointCoordinates><latitude>42.56659</latitude><longitude>1.7792498</longitude></pointCoordinates><name><descriptor><values><value lang="fr">Porté-Puymorens</value></values></descriptor><tpegOtherPointDescriptorType>townName</tpegOtherPointDescriptorType></name><name><descriptor><values><value lang="fr">N320</value></values></descriptor><tpegOtherPointDescriptorType>linkName</tpegOtherPointDescriptorType></name></to><from xsi:type="TpegNonJunctionPoint"><pointCoordinates><latitude>42.56671</latitude><longitude>1.779414</longitude></pointCoordinates><name><descriptor><values><value lang="fr">Porté-Puymorens</value></values></descriptor><tpegOtherPointDescriptorType>townName</tpegOtherPointDescriptorType></name><name><descriptor><values><value lang="fr">N320</value></values></descriptor><tpegOtherPointDescriptorType>linkName</tpegOtherPointDescriptorType></name></from></tpegLinearLocation><alertCLinear xsi:type="AlertCMethod4Linear"><alertCLocationCountryCode>F</alertCLocationCountryCode><alertCLocationTableNumber>32</alertCLocationTableNumber><alertCLocationTableVersion>11.0</alertCLocationTableVersion><alertCDirection><alertCDirectionCoded>both</alertCDirectionCoded></alertCDirection><alertCMethod4PrimaryPointLocation><alertCLocation><alertCLocationName><values><value lang="fr">Col du Puymorens</value></values></alertCLocationName><specificLocation>37226</specificLocation></alertCLocation><offsetDistance><offsetDistance>6370</offsetDistance></offsetDistance></alertCMethod4PrimaryPointLocation><alertCMethod4SecondaryPointLocation><alertCLocation><alertCLocationName><values><value lang="fr">Poste de Douane</value></values></alertCLocationName><specificLocation>37550</specificLocation></alertCLocation><offsetDistance><offsetDistance>49</offsetDistance></offsetDistance></alertCMethod4SecondaryPointLocation></alertCLinear><linearWithinLinearElement><directionRelativeOnLinearSection>both</directionRelativeOnLinearSection><linearElement><roadNumber>N0320</roadNumber></linearElement><fromPoint xsi:type="DistanceFromLinearElementReferent"><distanceAlong>300.0</distanceAlong><fromReferent><referentIdentifier>66PR1U</referentIdentifier><referentType>referenceMarker</referentType></fromReferent></fromPoint><toPoint xsi:type="DistanceFromLinearElementReferent"><distanceAlong>280.0</distanceAlong><fromReferent><referentIdentifier>66PR1U</referentIdentifier><referentType>referenceMarker</referentType></fromReferent></toPoint></linearWithinLinearElement></groupOfLocations><situationRecordExtension><situationRecordExtendedApproved><safetyRelatedMessage>false</safetyRelatedMessage></situationRecordExtendedApproved></situationRecordExtension><complianceOption>mandatory</complianceOption><roadOrCarriagewayOrLaneManagementType>singleAlternateLineTraffic</roadOrCarriagewayOrLaneManagementType></situationRecord><situationRecord xsi:type="SpeedManagement" id="240917-001501-3" version="4"><situationRecordCreationTime>2024-09-17T14:17:06.600+02:00</situationRecordCreationTime><situationRecordObservationTime>2024-09-23T08:07:44.482+02:00</situationRecordObservationTime><situationRecordVersionTime>2024-09-23T08:08:16.067+02:00</situationRecordVersionTime><situationRecordFirstSupplierVersionTime>2024-09-17T14:17:06.600+02:00</situationRecordFirstSupplierVersionTime><probabilityOfOccurrence>certain</probabilityOfOccurrence><source><sourceIdentification>Direction interdépartementale des routes/DIR Sud-Ouest</sourceIdentification><sourceName><values><value lang="fr">District Sud (Foix)</value></values></sourceName><reliable>true</reliable></source><validity><validityStatus>definedByValidityTimeSpec</validityStatus><validityTimeSpecification><overallStartTime>2024-09-23T08:00:00.000+02:00</overallStartTime><overallEndTime>2024-10-04T17:00:00.000+02:00</overallEndTime><validPeriod><periodName><values><value lang="FR">Uniquement de jour</value></values></periodName></validPeriod></validityTimeSpecification></validity><generalPublicComment><comment><values><value lang="fr">DIR Sud-Ouest/District Sud (Foix)/CEI L'Hospitalet/Garanou</value></values></comment><commentType>locationDescriptor</commentType></generalPublicComment><generalPublicComment><comment><values><value lang="fr">Point particulier : début : situé 49 m au sud de Poste de Douane, fin : situé 6370 m au nord de Col du Puymorens</value></values></comment><commentType>locationDescriptor</commentType></generalPublicComment><groupOfLocations xsi:type="Linear"><tpegLinearLocation><tpegDirection>bothWays</tpegDirection><tpegLinearLocationType>segment</tpegLinearLocationType><to xsi:type="TpegNonJunctionPoint"><pointCoordinates><latitude>42.56659</latitude><longitude>1.7792498</longitude></pointCoordinates><name><descriptor><values><value lang="fr">Porté-Puymorens</value></values></descriptor><tpegOtherPointDescriptorType>townName</tpegOtherPointDescriptorType></name><name><descriptor><values><value lang="fr">N320</value></values></descriptor><tpegOtherPointDescriptorType>linkName</tpegOtherPointDescriptorType></name></to><from xsi:type="TpegNonJunctionPoint"><pointCoordinates><latitude>42.56671</latitude><longitude>1.779414</longitude></pointCoordinates><name><descriptor><values><value lang="fr">Porté-Puymorens</value></values></descriptor><tpegOtherPointDescriptorType>townName</tpegOtherPointDescriptorType></name><name><descriptor><values><value lang="fr">N320</value></values></descriptor><tpegOtherPointDescriptorType>linkName</tpegOtherPointDescriptorType></name></from></tpegLinearLocation><alertCLinear xsi:type="AlertCMethod4Linear"><alertCLocationCountryCode>F</alertCLocationCountryCode><alertCLocationTableNumber>32</alertCLocationTableNumber><alertCLocationTableVersion>11.0</alertCLocationTableVersion><alertCDirection><alertCDirectionCoded>both</alertCDirectionCoded></alertCDirection><alertCMethod4PrimaryPointLocation><alertCLocation><alertCLocationName><values><value lang="fr">Col du Puymorens</value></values></alertCLocationName><specificLocation>37226</specificLocation></alertCLocation><offsetDistance><offsetDistance>6370</offsetDistance></offsetDistance></alertCMethod4PrimaryPointLocation><alertCMethod4SecondaryPointLocation><alertCLocation><alertCLocationName><values><value lang="fr">Poste de Douane</value></values></alertCLocationName><specificLocation>37550</specificLocation></alertCLocation><offsetDistance><offsetDistance>49</offsetDistance></offsetDistance></alertCMethod4SecondaryPointLocation></alertCLinear><linearWithinLinearElement><directionRelativeOnLinearSection>both</directionRelativeOnLinearSection><linearElement><roadNumber>N0320</roadNumber></linearElement><fromPoint xsi:type="DistanceFromLinearElementReferent"><distanceAlong>300.0</distanceAlong><fromReferent><referentIdentifier>66PR1U</referentIdentifier><referentType>referenceMarker</referentType></fromReferent></fromPoint><toPoint xsi:type="DistanceFromLinearElementReferent"><distanceAlong>280.0</distanceAlong><fromReferent><referentIdentifier>66PR1U</referentIdentifier><referentType>referenceMarker</referentType></fromReferent></toPoint></linearWithinLinearElement></groupOfLocations><situationRecordExtension><situationRecordExtendedApproved><safetyRelatedMessage>false</safetyRelatedMessage></situationRecordExtendedApproved></situationRecordExtension><complianceOption>mandatory</complianceOption><speedManagementType>speedRestrictionInOperation</speedManagementType><temporarySpeedLimit>50.0</temporarySpeedLimit></situationRecord><situationRecord xsi:type="GeneralInstructionOrMessageToRoadUsers" id="240917-001501-4" version="4"><situationRecordCreationTime>2024-09-17T14:17:06.600+02:00</situationRecordCreationTime><situationRecordObservationTime>2024-09-23T08:07:44.482+02:00</situationRecordObservationTime><situationRecordVersionTime>2024-09-23T08:08:16.067+02:00</situationRecordVersionTime><situationRecordFirstSupplierVersionTime>2024-09-17T14:17:06.600+02:00</situationRecordFirstSupplierVersionTime><probabilityOfOccurrence>certain</probabilityOfOccurrence><source><sourceIdentification>Direction interdépartementale des routes/DIR Sud-Ouest</sourceIdentification><sourceName><values><value lang="fr">District Sud (Foix)</value></values></sourceName><reliable>true</reliable></source><validity><validityStatus>definedByValidityTimeSpec</validityStatus><validityTimeSpecification><overallStartTime>2024-09-23T08:00:00.000+02:00</overallStartTime><overallEndTime>2024-10-04T17:00:00.000+02:00</overallEndTime><validPeriod><periodName><values><value lang="FR">Uniquement de jour</value></values></periodName></validPeriod></validityTimeSpecification></validity><generalPublicComment><comment><values><value lang="fr">DIR Sud-Ouest/District Sud (Foix)/CEI L'Hospitalet/Garanou</value></values></comment><commentType>locationDescriptor</commentType></generalPublicComment><generalPublicComment><comment><values><value lang="fr">Point particulier : début : situé 49 m au sud de Poste de Douane, fin : situé 6370 m au nord de Col du Puymorens</value></values></comment><commentType>locationDescriptor</commentType></generalPublicComment><groupOfLocations xsi:type="Linear"><tpegLinearLocation><tpegDirection>bothWays</tpegDirection><tpegLinearLocationType>segment</tpegLinearLocationType><to xsi:type="TpegNonJunctionPoint"><pointCoordinates><latitude>42.56659</latitude><longitude>1.7792498</longitude></pointCoordinates><name><descriptor><values><value lang="fr">Porté-Puymorens</value></values></descriptor><tpegOtherPointDescriptorType>townName</tpegOtherPointDescriptorType></name><name><descriptor><values><value lang="fr">N320</value></values></descriptor><tpegOtherPointDescriptorType>linkName</tpegOtherPointDescriptorType></name></to><from xsi:type="TpegNonJunctionPoint"><pointCoordinates><latitude>42.56671</latitude><longitude>1.779414</longitude></pointCoordinates><name><descriptor><values><value lang="fr">Porté-Puymorens</value></values></descriptor><tpegOtherPointDescriptorType>townName</tpegOtherPointDescriptorType></name><name><descriptor><values><value lang="fr">N320</value></values></descriptor><tpegOtherPointDescriptorType>linkName</tpegOtherPointDescriptorType></name></from></tpegLinearLocation><alertCLinear xsi:type="AlertCMethod4Linear"><alertCLocationCountryCode>F</alertCLocationCountryCode><alertCLocationTableNumber>32</alertCLocationTableNumber><alertCLocationTableVersion>11.0</alertCLocationTableVersion><alertCDirection><alertCDirectionCoded>both</alertCDirectionCoded></alertCDirection><alertCMethod4PrimaryPointLocation><alertCLocation><alertCLocationName><values><value lang="fr">Col du Puymorens</value></values></alertCLocationName><specificLocation>37226</specificLocation></alertCLocation><offsetDistance><offsetDistance>6370</offsetDistance></offsetDistance></alertCMethod4PrimaryPointLocation><alertCMethod4SecondaryPointLocation><alertCLocation><alertCLocationName><values><value lang="fr">Poste de Douane</value></values></alertCLocationName><specificLocation>37550</specificLocation></alertCLocation><offsetDistance><offsetDistance>49</offsetDistance></offsetDistance></alertCMethod4SecondaryPointLocation></alertCLinear><linearWithinLinearElement><directionRelativeOnLinearSection>both</directionRelativeOnLinearSection><linearElement><roadNumber>N0320</roadNumber></linearElement><fromPoint xsi:type="DistanceFromLinearElementReferent"><distanceAlong>300.0</distanceAlong><fromReferent><referentIdentifier>66PR1U</referentIdentifier><referentType>referenceMarker</referentType></fromReferent></fromPoint><toPoint xsi:type="DistanceFromLinearElementReferent"><distanceAlong>280.0</distanceAlong><fromReferent><referentIdentifier>66PR1U</referentIdentifier><referentType>referenceMarker</referentType></fromReferent></toPoint></linearWithinLinearElement></groupOfLocations><situationRecordExtension><situationRecordExtendedApproved><safetyRelatedMessage>false</safetyRelatedMessage></situationRecordExtendedApproved></situationRecordExtension><complianceOption>mandatory</complianceOption><generalInstructionToRoadUsersType>noOvertaking</generalInstructionToRoadUsersType></situationRecord></situation></payloadPublication></d2LogicalModel></soap:Body></soap:Envelope>