<?xml version="1.0" encoding="UTF-8"?><soap:Envelope xmlns:soap="http://www.w3.org/2003/05/soap-envelope"><soap:Body><d2LogicalModel xmlns="http://datex2.eu/schema/2/2_0" modelBaseVersion="2"><exchange><supplierIdentification><country>fr</country><nationalIdentifier>Tipi</nationalIdentifier></supplierIdentification><subscription><operatingMode>operatingMode1</operatingMode><subscriptionStartTime>2023-10-12T08:54:00.171+02:00</subscriptionStartTime><subscriptionState>active</subscriptionState><updateMethod>allElementUpdate</updateMethod><target><address/><protocol/></target></subscription></exchange><payloadPublication xmlns:xsi="http://www.w3.org/2001/XMLSchema-instance" xsi:type="SituationPublication" lang="fr"><publicationTime>2023-10-12T08:54:00.171+02:00</publicationTime><publicationCreator><country>fr</country><nationalIdentifier>Tipi</nationalIdentifier></publicationCreator><situation id="231012-000701" version="1"><overallSeverity>medium</overallSeverity><situationVersionTime>2023-10-12T08:53:59.652+02:00</situationVersionTime><headerInformation><confidentiality>noRestriction</confidentiality><informationStatus>real</informationStatus></headerInformation><situationRecord xsi:type="GeneralNetworkManagement" id="231012-000701-1" version="1"><situationRecordCreationTime>2023-10-12T08:52:47.619+02:00</situationRecordCreationTime><situationRecordObservationTime>2023-10-12T08:52:47.619+02:00</situationRecordObservationTime><situationRecordVersionTime>2023-10-12T08:53:59.652+02:00</situationRecordVersionTime><situationRecordFirstSupplierVersionTime>2023-10-12T08:52:47.619+02:00</situationRecordFirstSupplierVersionTime><probabilityOfOccurrence>certain</probabilityOfOccurrence><source><sourceIdentification>Direction interdépartementale des routes/DIR Centre-Ouest</sourceIdentification><sourceName><values><value lang="fr">CEI Uzerche</value></values></sourceName><reliable>true</reliable></source><validity><validityStatus>definedByValidityTimeSpec</validityStatus><validityTimeSpecification><overallStartTime>2023-10-12T08:52:47.619+02:00</overallStartTime><overallEndTime>2023-10-12T17:00:00.000+02:00</overallEndTime></validityTimeSpecification></validity><generalPublicComment><comment><values><value lang="fr">DIR Centre-Ouest/District A20/CEI Uzerche</value></values></comment><commentType>locationDescriptor</commentType></generalPublicComment><generalPublicComment><comment><values><value lang="fr">Point particulier : début : situé 107 m au sud de Viaduc de la Vézère, fin : situé 3832 m au nord de Uzerche sud - Vigeois</value></values></comment><commentType>locationDescriptor</commentType></generalPublicComment><generalPublicComment><comment><values><value lang="fr">De Paris vers Toulouse</value></values></comment><commentType>locationDescriptor</commentType></generalPublicComment><groupOfLocations xsi:type="Linear"><tpegLinearLocation><tpegDirection>southBound</tpegDirection><tpegLinearLocationType>segment</tpegLinearLocationType><to xsi:type="TpegNonJunctionPoint"><pointCoordinates><latitude>45.4094</latitude><longitude>1.5306531</longitude></pointCoordinates><name><descriptor><values><value lang="fr">Uzerche</value></values></descriptor><tpegOtherPointDescriptorType>townName</tpegOtherPointDescriptorType></name><name><descriptor><values><value lang="fr">A20</value></values></descriptor><tpegOtherPointDescriptorType>linkName</tpegOtherPointDescriptorType></name></to><from xsi:type="TpegNonJunctionPoint"><pointCoordinates><latitude>45.41088</latitude><longitude>1.5274605</longitude></pointCoordinates><name><descriptor><values><value lang="fr">Uzerche</value></values></descriptor><tpegOtherPointDescriptorType>townName</tpegOtherPointDescriptorType></name><name><descriptor><values><value lang="fr">A20</value></values></descriptor><tpegOtherPointDescriptorType>linkName</tpegOtherPointDescriptorType></name></from></tpegLinearLocation><alertCLinear xsi:type="AlertCMethod4Linear"><alertCLocationCountryCode>F</alertCLocationCountryCode><alertCLocationTableNumber>32</alertCLocationTableNumber><alertCLocationTableVersion>11.0</alertCLocationTableVersion><alertCDirection><alertCDirectionCoded>positive</alertCDirectionCoded></alertCDirection><alertCMethod4PrimaryPointLocation><alertCLocation><alertCLocationName><values><value lang="fr">Uzerche sud - Vigeois</value></values></alertCLocationName><specificLocation>12061</specificLocation></alertCLocation><offsetDistance><offsetDistance>3832</offsetDistance></offsetDistance></alertCMethod4PrimaryPointLocation><alertCMethod4SecondaryPointLocation><alertCLocation><alertCLocationName><values><value lang="fr">Viaduc de la Vézère</value></values></alertCLocationName><specificLocation>17068</specificLocation></alertCLocation><offsetDistance><offsetDistance>107</offsetDistance></offsetDistance></alertCMethod4SecondaryPointLocation></alertCLinear><linearWithinLinearElement><directionRelativeOnLinearSection>aligned</directionRelativeOnLinearSection><linearElement><roadNumber>A0020</roadNumber></linearElement><fromPoint xsi:type="DistanceFromLinearElementReferent"><distanceAlong>850.0</distanceAlong><fromReferent><referentIdentifier>19PR239D</referentIdentifier><referentType>referenceMarker</referentType></fromReferent></fromPoint><toPoint xsi:type="DistanceFromLinearElementReferent"><distanceAlong>550.0</distanceAlong><fromReferent><referentIdentifier>19PR239D</referentIdentifier><referentType>referenceMarker</referentType></fromReferent></toPoint></linearWithinLinearElement></groupOfLocations><situationRecordExtension><situationRecordExtendedApproved><safetyRelatedMessage>false</safetyRelatedMessage></situationRecordExtendedApproved></situationRecordExtension><complianceOption>mandatory</complianceOption><generalNetworkManagementType>other</generalNetworkManagementType></situationRecord></situation></payloadPublication></d2LogicalModel></soap:Body></soap:Envelope>