<?xml version="1.0" encoding="UTF-8"?><soap:Envelope xmlns:soap="http://www.w3.org/2003/05/soap-envelope"><soap:Body><d2LogicalModel xmlns="http://datex2.eu/schema/2/2_0" modelBaseVersion="2"><exchange><supplierIdentification><country>fr</country><nationalIdentifier>Tipi</nationalIdentifier></supplierIdentification><subscription><operatingMode>operatingMode1</operatingMode><subscriptionStartTime>2024-12-10T21:00:14.368+01:00</subscriptionStartTime><subscriptionState>active</subscriptionState><updateMethod>allElementUpdate</updateMethod><target><address/><protocol/></target></subscription></exchange><payloadPublication xmlns:xsi="http://www.w3.org/2001/XMLSchema-instance" xsi:type="SituationPublication" lang="fr"><publicationTime>2024-12-10T21:00:14.368+01:00</publicationTime><publicationCreator><country>fr</country><nationalIdentifier>Tipi</nationalIdentifier></publicationCreator><situation id="241210-002670" version="1"><overallSeverity>medium</overallSeverity><situationVersionTime>2024-12-10T21:00:14.002+01:00</situationVersionTime><headerInformation><confidentiality>noRestriction</confidentiality><informationStatus>real</informationStatus></headerInformation><situationRecord xsi:type="MaintenanceWorks" id="241210-002670-1" version="1"><situationRecordCreationReference>EVE_DIRO-S-241210-0167-EVE_DIRO-SR-241210-000179</situationRecordCreationReference><situationRecordCreationTime>2024-12-10T21:00:11.989+01:00</situationRecordCreationTime><situationRecordObservationTime>2024-12-10T21:00:11.894+01:00</situationRecordObservationTime><situationRecordVersionTime>2024-12-10T21:00:14.002+01:00</situationRecordVersionTime><situationRecordFirstSupplierVersionTime>2024-12-10T21:00:11.989+01:00</situationRecordFirstSupplierVersionTime><probabilityOfOccurrence>certain</probabilityOfOccurrence><source><sourceIdentification>Direction interdépartementale des routes/DIR Ouest</sourceIdentification><reliable>true</reliable></source><validity><validityStatus>definedByValidityTimeSpec</validityStatus><validityTimeSpecification><overallStartTime>2024-12-10T21:00:11.739+01:00</overallStartTime></validityTimeSpecification></validity><impact><numberOfLanesRestricted>0</numberOfLanesRestricted><originalNumberOfLanes>1</originalNumberOfLanes></impact><generalPublicComment><comment><values><value lang="fr">DIR Ouest</value></values></comment><commentType>locationDescriptor</commentType></generalPublicComment><groupOfLocations xsi:type="Linear"><tpegLinearLocation><tpegDirection>southBound</tpegDirection><tpegLinearLocationType>segment</tpegLinearLocationType><to xsi:type="TpegNonJunctionPoint"><pointCoordinates><latitude>48.055977</latitude><longitude>-1.7388997</longitude></pointCoordinates><name><descriptor><values><value lang="fr">Bruz</value></values></descriptor><tpegOtherPointDescriptorType>townName</tpegOtherPointDescriptorType></name><name><descriptor><values><value lang="fr">D34-1</value></values></descriptor><tpegOtherPointDescriptorType>linkName</tpegOtherPointDescriptorType></name></to><from xsi:type="TpegNonJunctionPoint"><pointCoordinates><latitude>48.05468</latitude><longitude>-1.7367404</longitude></pointCoordinates><name><descriptor><values><value lang="fr">Bruz</value></values></descriptor><tpegOtherPointDescriptorType>townName</tpegOtherPointDescriptorType></name><name><descriptor><values><value lang="fr">D34-1</value></values></descriptor><tpegOtherPointDescriptorType>linkName</tpegOtherPointDescriptorType></name></from></tpegLinearLocation></groupOfLocations><situationRecordExtension><situationRecordExtendedApproved><safetyRelatedMessage>false</safetyRelatedMessage></situationRecordExtendedApproved></situationRecordExtension><mobility><mobilityType>stationary</mobilityType></mobility><roadMaintenanceType>roadworks</roadMaintenanceType></situationRecord></situation></payloadPublication></d2LogicalModel></soap:Body></soap:Envelope>