<?xml version="1.0" encoding="UTF-8"?><soap:Envelope xmlns:soap="http://www.w3.org/2003/05/soap-envelope"><soap:Body><d2LogicalModel xmlns="http://datex2.eu/schema/2/2_0" modelBaseVersion="2"><exchange><supplierIdentification><country>fr</country><nationalIdentifier>Tipi</nationalIdentifier></supplierIdentification><subscription><operatingMode>operatingMode1</operatingMode><subscriptionStartTime>2022-10-26T10:41:00.617+02:00</subscriptionStartTime><subscriptionState>active</subscriptionState><updateMethod>allElementUpdate</updateMethod><target><address/><protocol/></target></subscription></exchange><payloadPublication xmlns:xsi="http://www.w3.org/2001/XMLSchema-instance" xsi:type="SituationPublication" lang="fr"><publicationTime>2022-10-26T10:41:00.617+02:00</publicationTime><publicationCreator><country>fr</country><nationalIdentifier>Tipi</nationalIdentifier></publicationCreator><situation id="221026-000716" version="3"><overallSeverity>medium</overallSeverity><situationVersionTime>2022-10-26T10:40:59.556+02:00</situationVersionTime><headerInformation><confidentiality>noRestriction</confidentiality><informationStatus>real</informationStatus></headerInformation><situationRecord xsi:type="GeneralObstruction" id="221026-000716-1" version="1"><situationRecordCreationReference>102687-1-OHZ</situationRecordCreationReference><situationRecordCreationTime>2022-10-26T10:32:55.355+02:00</situationRecordCreationTime><situationRecordObservationTime>2022-10-26T10:32:00.000+02:00</situationRecordObservationTime><situationRecordVersionTime>2022-10-26T10:32:55.461+02:00</situationRecordVersionTime><situationRecordFirstSupplierVersionTime>2022-10-26T10:32:55.355+02:00</situationRecordFirstSupplierVersionTime><probabilityOfOccurrence>certain</probabilityOfOccurrence><source><sourceIdentification>Direction interdépartementale des routes/DIR Sud-Ouest</sourceIdentification><reliable>true</reliable></source><validity><validityStatus>definedByValidityTimeSpec</validityStatus><validityTimeSpecification><overallStartTime>2022-10-26T10:29:00.000+02:00</overallStartTime><overallEndTime>2022-10-26T11:29:00.000+02:00</overallEndTime></validityTimeSpecification></validity><generalPublicComment><comment><values><value lang="fr">DIR Sud-Ouest/District Centre (Toulouse)/CEI Toulouse</value></values></comment><commentType>locationDescriptor</commentType></generalPublicComment><generalPublicComment><comment><values><value lang="fr">situé 234 m à l'ouest de Pont sur la Garonne</value></values></comment><commentType>locationDescriptor</commentType></generalPublicComment><generalPublicComment><comment><values><value lang="fr">De Aéroport Blagnac vers Toulouse</value></values></comment><commentType>locationDescriptor</commentType></generalPublicComment><groupOfLocations xsi:type="Point"><tpegPointLocation xsi:type="TpegSimplePoint"><tpegDirection>eastBound</tpegDirection><tpegSimplePointLocationType>nonLinkedPoint</tpegSimplePointLocationType><point xsi:type="TpegNonJunctionPoint"><pointCoordinates><latitude>43.62136</latitude><longitude>1.3980948</longitude></pointCoordinates><name><descriptor><values><value lang="fr">Blagnac</value></values></descriptor><tpegOtherPointDescriptorType>townName</tpegOtherPointDescriptorType></name><name><descriptor><values><value lang="fr">A621</value></values></descriptor><tpegOtherPointDescriptorType>linkName</tpegOtherPointDescriptorType></name></point></tpegPointLocation><alertCPoint xsi:type="AlertCMethod4Point"><alertCLocationCountryCode>F</alertCLocationCountryCode><alertCLocationTableNumber>32</alertCLocationTableNumber><alertCLocationTableVersion>11.0</alertCLocationTableVersion><alertCDirection><alertCDirectionCoded>negative</alertCDirectionCoded></alertCDirection><alertCMethod4PrimaryPointLocation><alertCLocation><alertCLocationName><values><value lang="fr">Pont sur la Garonne</value></values></alertCLocationName><specificLocation>17156</specificLocation></alertCLocation><offsetDistance><offsetDistance>234</offsetDistance></offsetDistance></alertCMethod4PrimaryPointLocation></alertCPoint><pointAlongLinearElement><directionRelativeAtPoint>opposite</directionRelativeAtPoint><linearElement><roadNumber>A0621</roadNumber></linearElement><distanceAlongLinearElement xsi:type="DistanceFromLinearElementReferent"><distanceAlong>875.0</distanceAlong><fromReferent><referentIdentifier>31PR1G</referentIdentifier><referentType>referenceMarker</referentType></fromReferent></distanceAlongLinearElement></pointAlongLinearElement></groupOfLocations><situationRecordExtension><situationRecordExtendedApproved><safetyRelatedMessage>true</safetyRelatedMessage></situationRecordExtendedApproved></situationRecordExtension><obstructionType>obstructionOnTheRoad</obstructionType></situationRecord><situationRecord xsi:type="RoadOrCarriagewayOrLaneManagement" id="221026-000716-2" version="2"><situationRecordCreationReference>102687-1-RES</situationRecordCreationReference><situationRecordCreationTime>2022-10-26T10:32:00.000+02:00</situationRecordCreationTime><situationRecordObservationTime>2022-10-26T10:40:00.000+02:00</situationRecordObservationTime><situationRecordVersionTime>2022-10-26T10:40:59.556+02:00</situationRecordVersionTime><situationRecordFirstSupplierVersionTime>2022-10-26T10:32:00.000+02:00</situationRecordFirstSupplierVersionTime><probabilityOfOccurrence>certain</probabilityOfOccurrence><source><sourceIdentification>Direction interdépartementale des routes/DIR Sud-Ouest</sourceIdentification><reliable>true</reliable></source><validity><validityStatus>definedByValidityTimeSpec</validityStatus><validityTimeSpecification><overallStartTime>2022-10-26T10:29:00.000+02:00</overallStartTime></validityTimeSpecification></validity><generalPublicComment><comment><values><value lang="fr">DIR Sud-Ouest/District Centre (Toulouse)/CEI Toulouse</value></values></comment><commentType>locationDescriptor</commentType></generalPublicComment><generalPublicComment><comment><values><value lang="fr">situé 234 m à l'ouest de Pont sur la Garonne</value></values></comment><commentType>locationDescriptor</commentType></generalPublicComment><generalPublicComment><comment><values><value lang="fr">De Aéroport Blagnac vers Toulouse</value></values></comment><commentType>locationDescriptor</commentType></generalPublicComment><groupOfLocations xsi:type="Point"><tpegPointLocation xsi:type="TpegSimplePoint"><tpegDirection>eastBound</tpegDirection><tpegSimplePointLocationType>nonLinkedPoint</tpegSimplePointLocationType><point xsi:type="TpegNonJunctionPoint"><pointCoordinates><latitude>43.62136</latitude><longitude>1.3980948</longitude></pointCoordinates><name><descriptor><values><value lang="fr">Blagnac</value></values></descriptor><tpegOtherPointDescriptorType>townName</tpegOtherPointDescriptorType></name><name><descriptor><values><value lang="fr">A621</value></values></descriptor><tpegOtherPointDescriptorType>linkName</tpegOtherPointDescriptorType></name></point></tpegPointLocation><alertCPoint xsi:type="AlertCMethod4Point"><alertCLocationCountryCode>F</alertCLocationCountryCode><alertCLocationTableNumber>32</alertCLocationTableNumber><alertCLocationTableVersion>11.0</alertCLocationTableVersion><alertCDirection><alertCDirectionCoded>negative</alertCDirectionCoded></alertCDirection><alertCMethod4PrimaryPointLocation><alertCLocation><alertCLocationName><values><value lang="fr">Pont sur la Garonne</value></values></alertCLocationName><specificLocation>17156</specificLocation></alertCLocation><offsetDistance><offsetDistance>234</offsetDistance></offsetDistance></alertCMethod4PrimaryPointLocation></alertCPoint><pointAlongLinearElement><directionRelativeAtPoint>opposite</directionRelativeAtPoint><linearElement><roadNumber>A0621</roadNumber></linearElement><distanceAlongLinearElement xsi:type="DistanceFromLinearElementReferent"><distanceAlong>875.0</distanceAlong><fromReferent><referentIdentifier>31PR1G</referentIdentifier><referentType>referenceMarker</referentType></fromReferent></distanceAlongLinearElement></pointAlongLinearElement></groupOfLocations><management><lifeCycleManagement><end>true</end></lifeCycleManagement></management><situationRecordExtension><situationRecordExtendedApproved><safetyRelatedMessage>false</safetyRelatedMessage></situationRecordExtendedApproved></situationRecordExtension><complianceOption>mandatory</complianceOption><roadOrCarriagewayOrLaneManagementType>narrowLanes</roadOrCarriagewayOrLaneManagementType></situationRecord></situation></payloadPublication></d2LogicalModel></soap:Body></soap:Envelope>