<?xml version="1.0" encoding="UTF-8"?><soap:Envelope xmlns:soap="http://www.w3.org/2003/05/soap-envelope"><soap:Body><d2LogicalModel xmlns="http://datex2.eu/schema/2/2_0" modelBaseVersion="2"><exchange><supplierIdentification><country>fr</country><nationalIdentifier>Tipi</nationalIdentifier></supplierIdentification><subscription><operatingMode>operatingMode1</operatingMode><subscriptionStartTime>2024-07-08T04:08:33.180+02:00</subscriptionStartTime><subscriptionState>active</subscriptionState><updateMethod>allElementUpdate</updateMethod><target><address/><protocol/></target></subscription></exchange><payloadPublication xmlns:xsi="http://www.w3.org/2001/XMLSchema-instance" xsi:type="SituationPublication" lang="fr"><publicationTime>2024-07-08T04:08:33.180+02:00</publicationTime><publicationCreator><country>fr</country><nationalIdentifier>Tipi</nationalIdentifier></publicationCreator><situation id="240708-000062" version="4"><overallSeverity>medium</overallSeverity><situationVersionTime>2024-07-08T04:08:32.580+02:00</situationVersionTime><headerInformation><confidentiality>noRestriction</confidentiality><informationStatus>real</informationStatus></headerInformation><situationRecord xsi:type="Accident" id="240708-000062-1" version="4"><situationRecordCreationReference>frmar-240708-186115-frmar-240708-211343</situationRecordCreationReference><situationRecordCreationTime>2024-07-08T02:14:44.841+02:00</situationRecordCreationTime><situationRecordObservationTime>2024-07-08T04:08:32.580+02:00</situationRecordObservationTime><situationRecordVersionTime>2024-07-08T04:08:32.580+02:00</situationRecordVersionTime><situationRecordFirstSupplierVersionTime>2024-07-08T02:14:44.841+02:00</situationRecordFirstSupplierVersionTime><probabilityOfOccurrence>certain</probabilityOfOccurrence><source><sourceIdentification>Direction interdépartementale des routes/DIR Méditerranée</sourceIdentification><reliable>true</reliable></source><validity><validityStatus>definedByValidityTimeSpec</validityStatus><validityTimeSpecification><overallStartTime>2024-07-08T02:13:58.903+02:00</overallStartTime></validityTimeSpecification></validity><impact><numberOfLanesRestricted>0</numberOfLanesRestricted><originalNumberOfLanes>3</originalNumberOfLanes></impact><generalPublicComment><comment><values><value lang="fr">situé 340 m à l'est de La Penne-sur-Huveaune</value></values></comment><commentType>locationDescriptor</commentType></generalPublicComment><generalPublicComment><comment><values><value lang="fr">De Toulon vers Marseille</value></values></comment><commentType>locationDescriptor</commentType></generalPublicComment><groupOfLocations xsi:type="Point"><tpegPointLocation xsi:type="TpegSimplePoint"><tpegDirection>westBound</tpegDirection><tpegSimplePointLocationType>nonLinkedPoint</tpegSimplePointLocationType><point xsi:type="TpegNonJunctionPoint"><pointCoordinates><latitude>43.284958</latitude><longitude>5.5183163</longitude></pointCoordinates><name><descriptor><values><value lang="fr">La Penne-sur-Huveaune</value></values></descriptor><tpegOtherPointDescriptorType>townName</tpegOtherPointDescriptorType></name><name><descriptor><values><value lang="fr">A50</value></values></descriptor><tpegOtherPointDescriptorType>linkName</tpegOtherPointDescriptorType></name></point></tpegPointLocation><alertCPoint xsi:type="AlertCMethod4Point"><alertCLocationCountryCode>F</alertCLocationCountryCode><alertCLocationTableNumber>32</alertCLocationTableNumber><alertCLocationTableVersion>11.0</alertCLocationTableVersion><alertCDirection><alertCDirectionCoded>negative</alertCDirectionCoded></alertCDirection><alertCMethod4PrimaryPointLocation><alertCLocation><alertCLocationName><values><value lang="fr">La Penne-sur-Huveaune</value></values></alertCLocationName><specificLocation>12696</specificLocation></alertCLocation><offsetDistance><offsetDistance>340</offsetDistance></offsetDistance></alertCMethod4PrimaryPointLocation></alertCPoint><pointAlongLinearElement><directionRelativeAtPoint>opposite</directionRelativeAtPoint><linearElement><roadNumber>A0050</roadNumber></linearElement><distanceAlongLinearElement xsi:type="DistanceFromLinearElementReferent"><distanceAlong>518.0</distanceAlong><fromReferent><referentIdentifier>13PR10G</referentIdentifier><referentType>referenceMarker</referentType></fromReferent></distanceAlongLinearElement></pointAlongLinearElement></groupOfLocations><management><lifeCycleManagement><end>true</end></lifeCycleManagement></management><situationRecordExtension><situationRecordExtendedApproved><safetyRelatedMessage>true</safetyRelatedMessage></situationRecordExtendedApproved></situationRecordExtension><accidentType>accident</accidentType><groupOfVehiclesInvolved><numberOfVehicles>2</numberOfVehicles><vehicleCharacteristics><vehicleType>car</vehicleType></vehicleCharacteristics></groupOfVehiclesInvolved></situationRecord></situation></payloadPublication></d2LogicalModel></soap:Body></soap:Envelope>