<?xml version="1.0" encoding="UTF-8"?><soap:Envelope xmlns:soap="http://www.w3.org/2003/05/soap-envelope"><soap:Body><d2LogicalModel xmlns="http://datex2.eu/schema/2/2_0" modelBaseVersion="2"><exchange><supplierIdentification><country>fr</country><nationalIdentifier>Tipi</nationalIdentifier></supplierIdentification><subscription><operatingMode>operatingMode1</operatingMode><subscriptionStartTime>2023-12-29T13:28:26.879+01:00</subscriptionStartTime><subscriptionState>active</subscriptionState><updateMethod>allElementUpdate</updateMethod><target><address/><protocol/></target></subscription></exchange><payloadPublication xmlns:xsi="http://www.w3.org/2001/XMLSchema-instance" xsi:type="SituationPublication" lang="fr"><publicationTime>2023-12-29T13:28:26.879+01:00</publicationTime><publicationCreator><country>fr</country><nationalIdentifier>Tipi</nationalIdentifier></publicationCreator><situation id="231229-000808" version="2"><overallSeverity>medium</overallSeverity><situationVersionTime>2023-12-29T13:28:26.324+01:00</situationVersionTime><headerInformation><confidentiality>noRestriction</confidentiality><informationStatus>real</informationStatus></headerInformation><situationRecord xsi:type="EnvironmentalObstruction" id="231229-000808-1" version="2"><situationRecordCreationReference>Allegro-Evt-231229-000022-Allegro-Evt-231229-000022-000001</situationRecordCreationReference><situationRecordCreationTime>2023-12-29T13:27:00.000+01:00</situationRecordCreationTime><situationRecordObservationTime>2023-12-29T13:28:04.000+01:00</situationRecordObservationTime><situationRecordVersionTime>2023-12-29T13:28:26.324+01:00</situationRecordVersionTime><situationRecordFirstSupplierVersionTime>2023-12-29T13:27:00.000+01:00</situationRecordFirstSupplierVersionTime><probabilityOfOccurrence>certain</probabilityOfOccurrence><source><sourceIdentification>Direction interdépartementale des routes/DIR Nord</sourceIdentification><sourceName><values><value lang="fr">CIGT Lille</value></values></sourceName><reliable>true</reliable></source><validity><validityStatus>definedByValidityTimeSpec</validityStatus><validityTimeSpecification><overallStartTime>2023-12-29T13:27:00.000+01:00</overallStartTime></validityTimeSpecification></validity><impact><numberOfLanesRestricted>1</numberOfLanesRestricted><originalNumberOfLanes>4</originalNumberOfLanes><trafficConstrictionType>lanesBlocked</trafficConstrictionType></impact><generalPublicComment><comment><values><value lang="fr">DIR Nord/District Lille/CEI de Lille Ouest</value></values></comment><commentType>locationDescriptor</commentType></generalPublicComment><generalPublicComment><comment><values><value lang="fr">Point particulier : début : situé 418 m au sud de Échangeur des Deux Gares, fin : situé 433 m au nord de Lille est</value></values></comment><commentType>locationDescriptor</commentType></generalPublicComment><generalPublicComment><comment><values><value lang="fr">De Roubaix vers Lille (A1 / A25)</value></values></comment><commentType>locationDescriptor</commentType></generalPublicComment><groupOfLocations xsi:type="Linear"><supplementaryPositionalDescription><affectedCarriagewayAndLanes><carriageway>mainCarriageway</carriageway><lane>lane4</lane></affectedCarriagewayAndLanes></supplementaryPositionalDescription><tpegLinearLocation><tpegDirection>southBound</tpegDirection><tpegLinearLocationType>segment</tpegLinearLocationType><to xsi:type="TpegNonJunctionPoint"><pointCoordinates><latitude>50.62124</latitude><longitude>3.082141</longitude></pointCoordinates><name><descriptor><values><value lang="fr">Lille</value></values></descriptor><tpegOtherPointDescriptorType>townName</tpegOtherPointDescriptorType></name><name><descriptor><values><value lang="fr">N356</value></values></descriptor><tpegOtherPointDescriptorType>linkName</tpegOtherPointDescriptorType></name></to><from xsi:type="TpegNonJunctionPoint"><pointCoordinates><latitude>50.624695</latitude><longitude>3.084379</longitude></pointCoordinates><name><descriptor><values><value lang="fr">Lille</value></values></descriptor><tpegOtherPointDescriptorType>townName</tpegOtherPointDescriptorType></name><name><descriptor><values><value lang="fr">N356</value></values></descriptor><tpegOtherPointDescriptorType>linkName</tpegOtherPointDescriptorType></name></from></tpegLinearLocation><alertCLinear xsi:type="AlertCMethod4Linear"><alertCLocationCountryCode>F</alertCLocationCountryCode><alertCLocationTableNumber>32</alertCLocationTableNumber><alertCLocationTableVersion>11.0</alertCLocationTableVersion><alertCDirection><alertCDirectionCoded>negative</alertCDirectionCoded></alertCDirection><alertCMethod4PrimaryPointLocation><alertCLocation><alertCLocationName><values><value lang="fr">Lille est</value></values></alertCLocationName><specificLocation>19515</specificLocation></alertCLocation><offsetDistance><offsetDistance>433</offsetDistance></offsetDistance></alertCMethod4PrimaryPointLocation><alertCMethod4SecondaryPointLocation><alertCLocation><alertCLocationName><values><value lang="fr">Échangeur des Deux Gares</value></values></alertCLocationName><specificLocation>27116</specificLocation></alertCLocation><offsetDistance><offsetDistance>418</offsetDistance></offsetDistance></alertCMethod4SecondaryPointLocation></alertCLinear><linearWithinLinearElement><directionRelativeOnLinearSection>opposite</directionRelativeOnLinearSection><linearElement><roadNumber>N0356</roadNumber></linearElement><fromPoint xsi:type="DistanceFromLinearElementReferent"><distanceAlong>309.0</distanceAlong><fromReferent><referentIdentifier>59PR0G</referentIdentifier><referentType>referenceMarker</referentType></fromReferent></fromPoint><toPoint xsi:type="DistanceFromLinearElementReferent"><distanceAlong>737.0</distanceAlong><fromReferent><referentIdentifier>59PR0G</referentIdentifier><referentType>referenceMarker</referentType></fromReferent></toPoint></linearWithinLinearElement></groupOfLocations><situationRecordExtension><situationRecordExtendedApproved><safetyRelatedMessage>true</safetyRelatedMessage></situationRecordExtendedApproved></situationRecordExtension><mobilityOfObstruction><mobilityType>stationary</mobilityType></mobilityOfObstruction><environmentalObstructionType>flooding</environmentalObstructionType></situationRecord></situation></payloadPublication></d2LogicalModel></soap:Body></soap:Envelope>