<?xml version="1.0" encoding="UTF-8"?><soap:Envelope xmlns:soap="http://www.w3.org/2003/05/soap-envelope"><soap:Body><d2LogicalModel xmlns="http://datex2.eu/schema/2/2_0" modelBaseVersion="2"><exchange><supplierIdentification><country>fr</country><nationalIdentifier>Tipi</nationalIdentifier></supplierIdentification><subscription><operatingMode>operatingMode1</operatingMode><subscriptionStartTime>2024-03-08T15:45:51.544+01:00</subscriptionStartTime><subscriptionState>active</subscriptionState><updateMethod>allElementUpdate</updateMethod><target><address/><protocol/></target></subscription></exchange><payloadPublication xmlns:xsi="http://www.w3.org/2001/XMLSchema-instance" xsi:type="SituationPublication" lang="fr"><publicationTime>2024-03-08T15:45:51.544+01:00</publicationTime><publicationCreator><country>fr</country><nationalIdentifier>Tipi</nationalIdentifier></publicationCreator><situation id="240308-001219" version="2"><overallSeverity>high</overallSeverity><situationVersionTime>2024-03-08T15:45:51.055+01:00</situationVersionTime><headerInformation><confidentiality>noRestriction</confidentiality><informationStatus>real</informationStatus></headerInformation><situationRecord xsi:type="Accident" id="240308-001219-1" version="2"><situationRecordCreationReference>EVE_DIRSO240308-000082-EVE_DIRSO240308-000039</situationRecordCreationReference><situationRecordCreationTime>2024-03-08T14:27:43.548+01:00</situationRecordCreationTime><situationRecordObservationTime>2024-03-08T15:45:47.981+01:00</situationRecordObservationTime><situationRecordVersionTime>2024-03-08T15:45:51.055+01:00</situationRecordVersionTime><situationRecordFirstSupplierVersionTime>2024-03-08T14:27:43.548+01:00</situationRecordFirstSupplierVersionTime><probabilityOfOccurrence>certain</probabilityOfOccurrence><source><sourceIdentification>Direction interdépartementale des routes/DIR Sud-Ouest</sourceIdentification><reliable>true</reliable></source><validity><validityStatus>definedByValidityTimeSpec</validityStatus><validityTimeSpecification><overallStartTime>2024-03-08T14:27:43.374+01:00</overallStartTime><overallEndTime>2024-03-08T14:27:43.374+01:00</overallEndTime></validityTimeSpecification></validity><impact><numberOfLanesRestricted>1</numberOfLanesRestricted><originalNumberOfLanes>3</originalNumberOfLanes></impact><generalPublicComment><comment><values><value lang="fr">situé 1228 m au sud de Purpan</value></values></comment><commentType>locationDescriptor</commentType></generalPublicComment><generalPublicComment><comment><values><value lang="fr">De Toulouse sud vers Toulouse nord</value></values></comment><commentType>locationDescriptor</commentType></generalPublicComment><groupOfLocations xsi:type="Point"><supplementaryPositionalDescription><affectedCarriagewayAndLanes><carriageway>mainCarriageway</carriageway><lane>lane3</lane></affectedCarriagewayAndLanes></supplementaryPositionalDescription><tpegPointLocation xsi:type="TpegSimplePoint"><tpegDirection>innerRing</tpegDirection><tpegSimplePointLocationType>nonLinkedPoint</tpegSimplePointLocationType><point xsi:type="TpegNonJunctionPoint"><pointCoordinates><latitude>43.595528</latitude><longitude>1.3973657</longitude></pointCoordinates><name><descriptor><values><value lang="fr">Toulouse</value></values></descriptor><tpegOtherPointDescriptorType>townName</tpegOtherPointDescriptorType></name><name><descriptor><values><value lang="fr">A620</value></values></descriptor><tpegOtherPointDescriptorType>linkName</tpegOtherPointDescriptorType></name></point></tpegPointLocation><alertCPoint xsi:type="AlertCMethod4Point"><alertCLocationCountryCode>F</alertCLocationCountryCode><alertCLocationTableNumber>32</alertCLocationTableNumber><alertCLocationTableVersion>11.0</alertCLocationTableVersion><alertCDirection><alertCDirectionCoded>negative</alertCDirectionCoded></alertCDirection><alertCMethod4PrimaryPointLocation><alertCLocation><alertCLocationName><values><value lang="fr">Purpan</value></values></alertCLocationName><specificLocation>17132</specificLocation></alertCLocation><offsetDistance><offsetDistance>1228</offsetDistance></offsetDistance></alertCMethod4PrimaryPointLocation></alertCPoint><pointAlongLinearElement><directionRelativeAtPoint>opposite</directionRelativeAtPoint><linearElement><roadNumber>A0620</roadNumber></linearElement><distanceAlongLinearElement xsi:type="DistanceFromLinearElementReferent"><distanceAlong>300.0</distanceAlong><fromReferent><referentIdentifier>31PR7G</referentIdentifier><referentType>referenceMarker</referentType></fromReferent></distanceAlongLinearElement></pointAlongLinearElement></groupOfLocations><management><lifeCycleManagement><end>true</end></lifeCycleManagement></management><situationRecordExtension><situationRecordExtendedApproved><safetyRelatedMessage>true</safetyRelatedMessage></situationRecordExtendedApproved></situationRecordExtension><accidentType>accident</accidentType><groupOfVehiclesInvolved><numberOfVehicles>1</numberOfVehicles><vehicleCharacteristics><vehicleType>car</vehicleType></vehicleCharacteristics></groupOfVehiclesInvolved></situationRecord></situation></payloadPublication></d2LogicalModel></soap:Body></soap:Envelope>