<?xml version="1.0" encoding="UTF-8"?><soap:Envelope xmlns:soap="http://www.w3.org/2003/05/soap-envelope"><soap:Body><d2LogicalModel xmlns="http://datex2.eu/schema/2/2_0" modelBaseVersion="2"><exchange><supplierIdentification><country>fr</country><nationalIdentifier>Tipi</nationalIdentifier></supplierIdentification><subscription><operatingMode>operatingMode1</operatingMode><subscriptionStartTime>2023-07-27T10:00:49.473+02:00</subscriptionStartTime><subscriptionState>active</subscriptionState><updateMethod>allElementUpdate</updateMethod><target><address/><protocol/></target></subscription></exchange><payloadPublication xmlns:xsi="http://www.w3.org/2001/XMLSchema-instance" xsi:type="SituationPublication" lang="fr"><publicationTime>2023-07-27T10:00:49.473+02:00</publicationTime><publicationCreator><country>fr</country><nationalIdentifier>Tipi</nationalIdentifier></publicationCreator><situation id="230727-000496" version="9"><overallSeverity>high</overallSeverity><situationVersionTime>2023-07-27T10:00:47.114+02:00</situationVersionTime><headerInformation><confidentiality>noRestriction</confidentiality><informationStatus>real</informationStatus></headerInformation><situationRecord xsi:type="Accident" id="230727-000496-1" version="9"><situationRecordCreationTime>2023-07-27T08:47:01.283+02:00</situationRecordCreationTime><situationRecordObservationTime>2023-07-27T09:59:51.927+02:00</situationRecordObservationTime><situationRecordVersionTime>2023-07-27T10:00:47.114+02:00</situationRecordVersionTime><situationRecordFirstSupplierVersionTime>2023-07-27T08:47:01.283+02:00</situationRecordFirstSupplierVersionTime><probabilityOfOccurrence>certain</probabilityOfOccurrence><source><sourceIdentification>Direction interdépartementale des routes/DIR Centre-Ouest</sourceIdentification><sourceName><values><value lang="fr">CIGT Limoges</value></values></sourceName><reliable>true</reliable></source><validity><validityStatus>definedByValidityTimeSpec</validityStatus><validityTimeSpecification><overallStartTime>2023-07-27T08:47:01.283+02:00</overallStartTime></validityTimeSpecification></validity><impact><numberOfLanesRestricted>1</numberOfLanesRestricted><originalNumberOfLanes>2</originalNumberOfLanes></impact><generalPublicComment><comment><values><value lang="fr">situé 4087 m au sud de Uzerche nord - Lubersac</value></values></comment><commentType>locationDescriptor</commentType></generalPublicComment><generalPublicComment><comment><values><value lang="fr">De Toulouse vers Paris</value></values></comment><commentType>locationDescriptor</commentType></generalPublicComment><groupOfLocations xsi:type="Point"><tpegPointLocation xsi:type="TpegSimplePoint"><tpegDirection>northBound</tpegDirection><tpegSimplePointLocationType>nonLinkedPoint</tpegSimplePointLocationType><point xsi:type="TpegNonJunctionPoint"><pointCoordinates><latitude>45.44843</latitude><longitude>1.5092008</longitude></pointCoordinates><name><descriptor><values><value lang="fr">Saint-Ybard</value></values></descriptor><tpegOtherPointDescriptorType>townName</tpegOtherPointDescriptorType></name><name><descriptor><values><value lang="fr">A20</value></values></descriptor><tpegOtherPointDescriptorType>linkName</tpegOtherPointDescriptorType></name></point></tpegPointLocation><alertCPoint xsi:type="AlertCMethod4Point"><alertCLocationCountryCode>F</alertCLocationCountryCode><alertCLocationTableNumber>32</alertCLocationTableNumber><alertCLocationTableVersion>11.0</alertCLocationTableVersion><alertCDirection><alertCDirectionCoded>negative</alertCDirectionCoded></alertCDirection><alertCMethod4PrimaryPointLocation><alertCLocation><alertCLocationName><values><value lang="fr">Uzerche nord - Lubersac</value></values></alertCLocationName><specificLocation>12060</specificLocation></alertCLocation><offsetDistance><offsetDistance>4087</offsetDistance></offsetDistance></alertCMethod4PrimaryPointLocation></alertCPoint><pointAlongLinearElement><directionRelativeAtPoint>opposite</directionRelativeAtPoint><linearElement><roadNumber>A0020</roadNumber></linearElement><distanceAlongLinearElement xsi:type="DistanceFromLinearElementReferent"><distanceAlong>0.0</distanceAlong><fromReferent><referentIdentifier>19PR235G</referentIdentifier><referentType>referenceMarker</referentType></fromReferent></distanceAlongLinearElement></pointAlongLinearElement></groupOfLocations><situationRecordExtension><situationRecordExtendedApproved><safetyRelatedMessage>true</safetyRelatedMessage></situationRecordExtendedApproved></situationRecordExtension><accidentType>accident</accidentType><groupOfVehiclesInvolved><numberOfVehicles>1</numberOfVehicles><vehicleCharacteristics><vehicleType>car</vehicleType></vehicleCharacteristics></groupOfVehiclesInvolved><groupOfPeopleInvolved><injuryStatus>injured</injuryStatus></groupOfPeopleInvolved></situationRecord><situationRecord xsi:type="AbnormalTraffic" id="230727-000496-103" version="7"><situationRecordCreationTime>2023-07-27T09:02:51.399+02:00</situationRecordCreationTime><situationRecordObservationTime>2023-07-27T09:59:51.927+02:00</situationRecordObservationTime><situationRecordVersionTime>2023-07-27T10:00:47.114+02:00</situationRecordVersionTime><situationRecordFirstSupplierVersionTime>2023-07-27T09:02:51.399+02:00</situationRecordFirstSupplierVersionTime><probabilityOfOccurrence>certain</probabilityOfOccurrence><source><sourceIdentification>Direction interdépartementale des routes/DIR Centre-Ouest</sourceIdentification><sourceName><values><value lang="fr">CEI Uzerche</value></values></sourceName><reliable>true</reliable></source><validity><validityStatus>definedByValidityTimeSpec</validityStatus><validityTimeSpecification><overallStartTime>2023-07-27T09:02:51.399+02:00</overallStartTime></validityTimeSpecification></validity><impact/><generalPublicComment><comment><values><value lang="fr">DIR Centre-Ouest/District A20/CEI Uzerche</value></values></comment><commentType>locationDescriptor</commentType></generalPublicComment><generalPublicComment><comment><values><value lang="fr">Point particulier : début : situé 1334 m au nord de Viaduc de la Vézère, fin : situé 4087 m au sud de Uzerche nord - Lubersac</value></values></comment><commentType>locationDescriptor</commentType></generalPublicComment><generalPublicComment><comment><values><value lang="fr">De Toulouse vers Paris</value></values></comment><commentType>locationDescriptor</commentType></generalPublicComment><groupOfLocations xsi:type="Linear"><supplementaryPositionalDescription><affectedCarriagewayAndLanes><carriageway>mainCarriageway</carriageway><lane>allLanesCompleteCarriageway</lane></affectedCarriagewayAndLanes></supplementaryPositionalDescription><tpegLinearLocation><tpegDirection>northBound</tpegDirection><tpegLinearLocationType>segment</tpegLinearLocationType><to xsi:type="TpegNonJunctionPoint"><pointCoordinates><latitude>45.44843</latitude><longitude>1.5092008</longitude></pointCoordinates><name><descriptor><values><value lang="fr">Saint-Ybard</value></values></descriptor><tpegOtherPointDescriptorType>townName</tpegOtherPointDescriptorType></name><name><descriptor><values><value lang="fr">A20</value></values></descriptor><tpegOtherPointDescriptorType>linkName</tpegOtherPointDescriptorType></name></to><from xsi:type="TpegNonJunctionPoint"><pointCoordinates><latitude>45.422287</latitude><longitude>1.5167885</longitude></pointCoordinates><name><descriptor><values><value lang="fr">Saint-Ybard</value></values></descriptor><tpegOtherPointDescriptorType>townName</tpegOtherPointDescriptorType></name><name><descriptor><values><value lang="fr">A20</value></values></descriptor><tpegOtherPointDescriptorType>linkName</tpegOtherPointDescriptorType></name></from></tpegLinearLocation><alertCLinear xsi:type="AlertCMethod4Linear"><alertCLocationCountryCode>F</alertCLocationCountryCode><alertCLocationTableNumber>32</alertCLocationTableNumber><alertCLocationTableVersion>11.0</alertCLocationTableVersion><alertCDirection><alertCDirectionCoded>negative</alertCDirectionCoded></alertCDirection><alertCMethod4PrimaryPointLocation><alertCLocation><alertCLocationName><values><value lang="fr">Uzerche nord - Lubersac</value></values></alertCLocationName><specificLocation>12060</specificLocation></alertCLocation><offsetDistance><offsetDistance>4087</offsetDistance></offsetDistance></alertCMethod4PrimaryPointLocation><alertCMethod4SecondaryPointLocation><alertCLocation><alertCLocationName><values><value lang="fr">Viaduc de la Vézère</value></values></alertCLocationName><specificLocation>17068</specificLocation></alertCLocation><offsetDistance><offsetDistance>1334</offsetDistance></offsetDistance></alertCMethod4SecondaryPointLocation></alertCLinear><linearWithinLinearElement><directionRelativeOnLinearSection>opposite</directionRelativeOnLinearSection><linearElement><roadNumber>A0020</roadNumber></linearElement><fromPoint xsi:type="DistanceFromLinearElementReferent"><distanceAlong>0.0</distanceAlong><fromReferent><referentIdentifier>19PR235G</referentIdentifier><referentType>referenceMarker</referentType></fromReferent></fromPoint><toPoint xsi:type="DistanceFromLinearElementReferent"><distanceAlong>0.0</distanceAlong><fromReferent><referentIdentifier>19PR238G</referentIdentifier><referentType>referenceMarker</referentType></fromReferent></toPoint></linearWithinLinearElement></groupOfLocations><situationRecordExtension><situationRecordExtendedApproved><safetyRelatedMessage>false</safetyRelatedMessage></situationRecordExtendedApproved></situationRecordExtension><abnormalTrafficType>queuingTraffic</abnormalTrafficType><queueLength>3000</queueLength></situationRecord><situationRecord xsi:type="RoadOrCarriagewayOrLaneManagement" id="230727-000496-105" version="1"><situationRecordCreationTime>2023-07-27T09:59:51.927+02:00</situationRecordCreationTime><situationRecordObservationTime>2023-07-27T09:59:51.927+02:00</situationRecordObservationTime><situationRecordVersionTime>2023-07-27T10:00:47.114+02:00</situationRecordVersionTime><situationRecordFirstSupplierVersionTime>2023-07-27T09:59:51.927+02:00</situationRecordFirstSupplierVersionTime><probabilityOfOccurrence>certain</probabilityOfOccurrence><source><sourceIdentification>Direction interdépartementale des routes/DIR Centre-Ouest</sourceIdentification><sourceName><values><value lang="fr">CEI Uzerche</value></values></sourceName><reliable>true</reliable></source><validity><validityStatus>definedByValidityTimeSpec</validityStatus><validityTimeSpecification><overallStartTime>2023-07-27T09:59:51.927+02:00</overallStartTime></validityTimeSpecification></validity><generalPublicComment><comment><values><value lang="fr">DIR Centre-Ouest/District A20/CEI Uzerche</value></values></comment><commentType>locationDescriptor</commentType></generalPublicComment><generalPublicComment><comment><values><value lang="fr">Point particulier : début : situé 1334 m au nord de Viaduc de la Vézère, fin : situé 4087 m au sud de Uzerche nord - Lubersac</value></values></comment><commentType>locationDescriptor</commentType></generalPublicComment><generalPublicComment><comment><values><value lang="fr">De Toulouse vers Paris</value></values></comment><commentType>locationDescriptor</commentType></generalPublicComment><groupOfLocations xsi:type="Linear"><supplementaryPositionalDescription><affectedCarriagewayAndLanes><carriageway>mainCarriageway</carriageway><lane>allLanesCompleteCarriageway</lane></affectedCarriagewayAndLanes></supplementaryPositionalDescription><tpegLinearLocation><tpegDirection>northBound</tpegDirection><tpegLinearLocationType>segment</tpegLinearLocationType><to xsi:type="TpegNonJunctionPoint"><pointCoordinates><latitude>45.44843</latitude><longitude>1.5092008</longitude></pointCoordinates><name><descriptor><values><value lang="fr">Saint-Ybard</value></values></descriptor><tpegOtherPointDescriptorType>townName</tpegOtherPointDescriptorType></name><name><descriptor><values><value lang="fr">A20</value></values></descriptor><tpegOtherPointDescriptorType>linkName</tpegOtherPointDescriptorType></name></to><from xsi:type="TpegNonJunctionPoint"><pointCoordinates><latitude>45.422287</latitude><longitude>1.5167885</longitude></pointCoordinates><name><descriptor><values><value lang="fr">Saint-Ybard</value></values></descriptor><tpegOtherPointDescriptorType>townName</tpegOtherPointDescriptorType></name><name><descriptor><values><value lang="fr">A20</value></values></descriptor><tpegOtherPointDescriptorType>linkName</tpegOtherPointDescriptorType></name></from></tpegLinearLocation><alertCLinear xsi:type="AlertCMethod4Linear"><alertCLocationCountryCode>F</alertCLocationCountryCode><alertCLocationTableNumber>32</alertCLocationTableNumber><alertCLocationTableVersion>11.0</alertCLocationTableVersion><alertCDirection><alertCDirectionCoded>negative</alertCDirectionCoded></alertCDirection><alertCMethod4PrimaryPointLocation><alertCLocation><alertCLocationName><values><value lang="fr">Uzerche nord - Lubersac</value></values></alertCLocationName><specificLocation>12060</specificLocation></alertCLocation><offsetDistance><offsetDistance>4087</offsetDistance></offsetDistance></alertCMethod4PrimaryPointLocation><alertCMethod4SecondaryPointLocation><alertCLocation><alertCLocationName><values><value lang="fr">Viaduc de la Vézère</value></values></alertCLocationName><specificLocation>17068</specificLocation></alertCLocation><offsetDistance><offsetDistance>1334</offsetDistance></offsetDistance></alertCMethod4SecondaryPointLocation></alertCLinear><linearWithinLinearElement><directionRelativeOnLinearSection>opposite</directionRelativeOnLinearSection><linearElement><roadNumber>A0020</roadNumber></linearElement><fromPoint xsi:type="DistanceFromLinearElementReferent"><distanceAlong>0.0</distanceAlong><fromReferent><referentIdentifier>19PR235G</referentIdentifier><referentType>referenceMarker</referentType></fromReferent></fromPoint><toPoint xsi:type="DistanceFromLinearElementReferent"><distanceAlong>0.0</distanceAlong><fromReferent><referentIdentifier>19PR238G</referentIdentifier><referentType>referenceMarker</referentType></fromReferent></toPoint></linearWithinLinearElement></groupOfLocations><situationRecordExtension><situationRecordExtendedApproved><safetyRelatedMessage>false</safetyRelatedMessage></situationRecordExtendedApproved></situationRecordExtension><complianceOption>mandatory</complianceOption><roadOrCarriagewayOrLaneManagementType>roadClosed</roadOrCarriagewayOrLaneManagementType></situationRecord></situation></payloadPublication></d2LogicalModel></soap:Body></soap:Envelope>