<?xml version="1.0" encoding="UTF-8"?><soap:Envelope xmlns:soap="http://www.w3.org/2003/05/soap-envelope"><soap:Body><d2LogicalModel xmlns="http://datex2.eu/schema/2/2_0" modelBaseVersion="2"><exchange><supplierIdentification><country>fr</country><nationalIdentifier>Tipi</nationalIdentifier></supplierIdentification><subscription><operatingMode>operatingMode1</operatingMode><subscriptionStartTime>2024-11-21T18:40:37.569+01:00</subscriptionStartTime><subscriptionState>active</subscriptionState><updateMethod>allElementUpdate</updateMethod><target><address/><protocol/></target></subscription></exchange><payloadPublication xmlns:xsi="http://www.w3.org/2001/XMLSchema-instance" xsi:type="SituationPublication" lang="fr"><publicationTime>2024-11-21T18:40:37.569+01:00</publicationTime><publicationCreator><country>fr</country><nationalIdentifier>Tipi</nationalIdentifier></publicationCreator><situation id="241121-003179" version="1"><overallSeverity>medium</overallSeverity><situationVersionTime>2024-11-21T18:40:37.164+01:00</situationVersionTime><headerInformation><confidentiality>noRestriction</confidentiality><informationStatus>real</informationStatus></headerInformation><situationRecord xsi:type="AbnormalTraffic" id="241121-003179-1" version="1"><situationRecordCreationReference>EVE_DIRSO-S-241121-0163-EVE_DIRSO-SR-241121-000096</situationRecordCreationReference><situationRecordCreationTime>2024-11-21T18:40:30.664+01:00</situationRecordCreationTime><situationRecordObservationTime>2024-11-21T18:40:30.785+01:00</situationRecordObservationTime><situationRecordVersionTime>2024-11-21T18:40:37.164+01:00</situationRecordVersionTime><situationRecordFirstSupplierVersionTime>2024-11-21T18:40:30.664+01:00</situationRecordFirstSupplierVersionTime><probabilityOfOccurrence>certain</probabilityOfOccurrence><source><sourceIdentification>Direction interdépartementale des routes/DIR Sud-Ouest</sourceIdentification><reliable>true</reliable></source><validity><validityStatus>definedByValidityTimeSpec</validityStatus><validityTimeSpecification><overallStartTime>2024-11-21T18:40:30.487+01:00</overallStartTime></validityTimeSpecification></validity><impact><numberOfLanesRestricted>6</numberOfLanesRestricted><originalNumberOfLanes>6</originalNumberOfLanes></impact><generalPublicComment><comment><values><value lang="fr">DIR Sud-Ouest/District Centre (Toulouse)/CEI Toulouse</value></values></comment><commentType>locationDescriptor</commentType></generalPublicComment><generalPublicComment><comment><values><value lang="fr">Point particulier : début : situé 498 m au nord de Bordelongue, fin : situé 1508 m au sud de Purpan</value></values></comment><commentType>locationDescriptor</commentType></generalPublicComment><generalPublicComment><comment><values><value lang="fr">De Toulouse sud vers Toulouse nord</value></values></comment><commentType>locationDescriptor</commentType></generalPublicComment><groupOfLocations xsi:type="Linear"><supplementaryPositionalDescription><affectedCarriagewayAndLanes><carriageway>mainCarriageway</carriageway><lane>allLanesCompleteCarriageway</lane></affectedCarriagewayAndLanes></supplementaryPositionalDescription><tpegLinearLocation><tpegDirection>innerRing</tpegDirection><tpegLinearLocationType>segment</tpegLinearLocationType><to xsi:type="TpegNonJunctionPoint"><pointCoordinates><latitude>43.58969</latitude><longitude>1.3998969</longitude></pointCoordinates><name><descriptor><values><value lang="fr">Toulouse</value></values></descriptor><tpegOtherPointDescriptorType>townName</tpegOtherPointDescriptorType></name><name><descriptor><values><value lang="fr">A620</value></values></descriptor><tpegOtherPointDescriptorType>linkName</tpegOtherPointDescriptorType></name></to><from xsi:type="TpegNonJunctionPoint"><pointCoordinates><latitude>43.571774</latitude><longitude>1.4112756</longitude></pointCoordinates><name><descriptor><values><value lang="fr">Toulouse</value></values></descriptor><tpegOtherPointDescriptorType>townName</tpegOtherPointDescriptorType></name><name><descriptor><values><value lang="fr">A620</value></values></descriptor><tpegOtherPointDescriptorType>linkName</tpegOtherPointDescriptorType></name></from></tpegLinearLocation><alertCLinear xsi:type="AlertCMethod4Linear"><alertCLocationCountryCode>F</alertCLocationCountryCode><alertCLocationTableNumber>32</alertCLocationTableNumber><alertCLocationTableVersion>11.0</alertCLocationTableVersion><alertCDirection><alertCDirectionCoded>negative</alertCDirectionCoded></alertCDirection><alertCMethod4PrimaryPointLocation><alertCLocation><alertCLocationName><values><value lang="fr">Purpan</value></values></alertCLocationName><specificLocation>17132</specificLocation></alertCLocation><offsetDistance><offsetDistance>1508</offsetDistance></offsetDistance></alertCMethod4PrimaryPointLocation><alertCMethod4SecondaryPointLocation><alertCLocation><alertCLocationName><values><value lang="fr">Bordelongue</value></values></alertCLocationName><specificLocation>17137</specificLocation></alertCLocation><offsetDistance><offsetDistance>498</offsetDistance></offsetDistance></alertCMethod4SecondaryPointLocation></alertCLinear><linearWithinLinearElement><directionRelativeOnLinearSection>opposite</directionRelativeOnLinearSection><linearElement><roadNumber>A0620</roadNumber></linearElement><fromPoint xsi:type="DistanceFromLinearElementReferent"><distanceAlong>0.0</distanceAlong><fromReferent><referentIdentifier>31PR8G</referentIdentifier><referentType>referenceMarker</referentType></fromReferent></fromPoint><toPoint xsi:type="DistanceFromLinearElementReferent"><distanceAlong>200.0</distanceAlong><fromReferent><referentIdentifier>31PR10G</referentIdentifier><referentType>referenceMarker</referentType></fromReferent></toPoint></linearWithinLinearElement></groupOfLocations><situationRecordExtension><situationRecordExtendedApproved><safetyRelatedMessage>false</safetyRelatedMessage></situationRecordExtendedApproved></situationRecordExtension><abnormalTrafficType>queuingTraffic</abnormalTrafficType><queueLength>2204</queueLength></situationRecord></situation></payloadPublication></d2LogicalModel></soap:Body></soap:Envelope>