<?xml version="1.0" encoding="UTF-8"?><soap:Envelope xmlns:soap="http://www.w3.org/2003/05/soap-envelope"><soap:Body><d2LogicalModel xmlns="http://datex2.eu/schema/2/2_0" modelBaseVersion="2"><exchange><supplierIdentification><country>fr</country><nationalIdentifier>Tipi</nationalIdentifier></supplierIdentification><subscription><operatingMode>operatingMode1</operatingMode><subscriptionStartTime>2024-10-10T07:40:28.498+02:00</subscriptionStartTime><subscriptionState>active</subscriptionState><updateMethod>allElementUpdate</updateMethod><target><address/><protocol/></target></subscription></exchange><payloadPublication xmlns:xsi="http://www.w3.org/2001/XMLSchema-instance" xsi:type="SituationPublication" lang="fr"><publicationTime>2024-10-10T07:40:28.498+02:00</publicationTime><publicationCreator><country>fr</country><nationalIdentifier>Tipi</nationalIdentifier></publicationCreator><situation id="241009-000607" version="3"><overallSeverity>medium</overallSeverity><situationVersionTime>2024-10-10T07:40:27.682+02:00</situationVersionTime><headerInformation><confidentiality>noRestriction</confidentiality><informationStatus>real</informationStatus></headerInformation><situationRecord xsi:type="MaintenanceWorks" id="241009-000607-1" version="3"><situationRecordCreationTime>2024-10-09T08:45:06.808+02:00</situationRecordCreationTime><situationRecordObservationTime>2024-10-10T07:39:44.294+02:00</situationRecordObservationTime><situationRecordVersionTime>2024-10-10T07:40:27.682+02:00</situationRecordVersionTime><situationRecordFirstSupplierVersionTime>2024-10-09T08:45:06.808+02:00</situationRecordFirstSupplierVersionTime><probabilityOfOccurrence>certain</probabilityOfOccurrence><source><sourceIdentification>Direction interdépartementale des routes/DIR Centre-Ouest</sourceIdentification><sourceName><values><value lang="fr">CEI Brive</value></values></sourceName><reliable>true</reliable></source><validity><validityStatus>definedByValidityTimeSpec</validityStatus><validityTimeSpecification><overallStartTime>2024-10-09T08:45:06.808+02:00</overallStartTime><overallEndTime>2024-10-11T12:00:00.000+02:00</overallEndTime></validityTimeSpecification></validity><impact><numberOfLanesRestricted>1</numberOfLanesRestricted><originalNumberOfLanes>2</originalNumberOfLanes><trafficConstrictionType>lanesBlocked</trafficConstrictionType></impact><generalPublicComment><comment><values><value lang="fr">DIR Centre-Ouest/District A20/CEI Brive</value></values></comment><commentType>locationDescriptor</commentType></generalPublicComment><generalPublicComment><comment><values><value lang="fr">Point particulier : début : situé 1350 m au nord de Aire de Pech Montat, fin : situé 1112 m au sud de Noailles</value></values></comment><commentType>locationDescriptor</commentType></generalPublicComment><generalPublicComment><comment><values><value lang="fr">De Toulouse vers Paris</value></values></comment><commentType>locationDescriptor</commentType></generalPublicComment><groupOfLocations xsi:type="Linear"><supplementaryPositionalDescription><affectedCarriagewayAndLanes><carriageway>mainCarriageway</carriageway><lane>lane1</lane></affectedCarriagewayAndLanes></supplementaryPositionalDescription><tpegLinearLocation><tpegDirection>northBound</tpegDirection><tpegLinearLocationType>segment</tpegLinearLocationType><to xsi:type="TpegNonJunctionPoint"><pointCoordinates><latitude>45.088142</latitude><longitude>1.5192057</longitude></pointCoordinates><name><descriptor><values><value lang="fr">Noailles</value></values></descriptor><tpegOtherPointDescriptorType>townName</tpegOtherPointDescriptorType></name><name><descriptor><values><value lang="fr">A20</value></values></descriptor><tpegOtherPointDescriptorType>linkName</tpegOtherPointDescriptorType></name></to><from xsi:type="TpegNonJunctionPoint"><pointCoordinates><latitude>45.051594</latitude><longitude>1.5119597</longitude></pointCoordinates><name><descriptor><values><value lang="fr">Nespouls</value></values></descriptor><tpegOtherPointDescriptorType>townName</tpegOtherPointDescriptorType></name><name><descriptor><values><value lang="fr">A20</value></values></descriptor><tpegOtherPointDescriptorType>linkName</tpegOtherPointDescriptorType></name></from></tpegLinearLocation><alertCLinear xsi:type="AlertCMethod4Linear"><alertCLocationCountryCode>F</alertCLocationCountryCode><alertCLocationTableNumber>32</alertCLocationTableNumber><alertCLocationTableVersion>11.0</alertCLocationTableVersion><alertCDirection><alertCDirectionCoded>negative</alertCDirectionCoded></alertCDirection><alertCMethod4PrimaryPointLocation><alertCLocation><alertCLocationName><values><value lang="fr">Noailles</value></values></alertCLocationName><specificLocation>12068</specificLocation></alertCLocation><offsetDistance><offsetDistance>1112</offsetDistance></offsetDistance></alertCMethod4PrimaryPointLocation><alertCMethod4SecondaryPointLocation><alertCLocation><alertCLocationName><values><value lang="fr">Aire de Pech Montat</value></values></alertCLocationName><specificLocation>50262</specificLocation></alertCLocation><offsetDistance><offsetDistance>1350</offsetDistance></offsetDistance></alertCMethod4SecondaryPointLocation></alertCLinear><linearWithinLinearElement><directionRelativeOnLinearSection>opposite</directionRelativeOnLinearSection><linearElement><roadNumber>A0020</roadNumber></linearElement><fromPoint xsi:type="DistanceFromLinearElementReferent"><distanceAlong>500.0</distanceAlong><fromReferent><referentIdentifier>19PR282G</referentIdentifier><referentType>referenceMarker</referentType></fromReferent></fromPoint><toPoint xsi:type="DistanceFromLinearElementReferent"><distanceAlong>0.0</distanceAlong><fromReferent><referentIdentifier>19PR287GC</referentIdentifier><referentType>referenceMarker</referentType></fromReferent></toPoint></linearWithinLinearElement></groupOfLocations><situationRecordExtension><situationRecordExtendedApproved><safetyRelatedMessage>false</safetyRelatedMessage></situationRecordExtendedApproved></situationRecordExtension><roadworksScale>medium</roadworksScale><mobility><mobilityType>stationary</mobilityType></mobility><subjects><subjectTypeOfWorks>roadSigns</subjectTypeOfWorks></subjects><roadMaintenanceType>roadsideWork</roadMaintenanceType></situationRecord><situationRecord xsi:type="RoadOrCarriagewayOrLaneManagement" id="241009-000607-2" version="3"><situationRecordCreationTime>2024-10-09T08:45:06.808+02:00</situationRecordCreationTime><situationRecordObservationTime>2024-10-10T07:39:44.294+02:00</situationRecordObservationTime><situationRecordVersionTime>2024-10-10T07:40:27.682+02:00</situationRecordVersionTime><situationRecordFirstSupplierVersionTime>2024-10-09T08:45:06.808+02:00</situationRecordFirstSupplierVersionTime><probabilityOfOccurrence>certain</probabilityOfOccurrence><source><sourceIdentification>Direction interdépartementale des routes/DIR Centre-Ouest</sourceIdentification><sourceName><values><value lang="fr">CEI Brive</value></values></sourceName><reliable>true</reliable></source><validity><validityStatus>definedByValidityTimeSpec</validityStatus><validityTimeSpecification><overallStartTime>2024-10-09T08:45:06.808+02:00</overallStartTime><overallEndTime>2024-10-11T12:00:00.000+02:00</overallEndTime></validityTimeSpecification></validity><impact><originalNumberOfLanes>2</originalNumberOfLanes></impact><generalPublicComment><comment><values><value lang="fr">DIR Centre-Ouest/District A20/CEI Brive</value></values></comment><commentType>locationDescriptor</commentType></generalPublicComment><generalPublicComment><comment><values><value lang="fr">Cause chantier</value></values></comment><commentType>internalNote</commentType></generalPublicComment><generalPublicComment><comment><values><value lang="fr">Point particulier : début : situé 1350 m au nord de Aire de Pech Montat, fin : situé 1112 m au sud de Noailles</value></values></comment><commentType>locationDescriptor</commentType></generalPublicComment><generalPublicComment><comment><values><value lang="fr">De Toulouse vers Paris</value></values></comment><commentType>locationDescriptor</commentType></generalPublicComment><groupOfLocations xsi:type="Linear"><supplementaryPositionalDescription><affectedCarriagewayAndLanes><carriageway>mainCarriageway</carriageway><lane>lane1</lane></affectedCarriagewayAndLanes></supplementaryPositionalDescription><tpegLinearLocation><tpegDirection>northBound</tpegDirection><tpegLinearLocationType>segment</tpegLinearLocationType><to xsi:type="TpegNonJunctionPoint"><pointCoordinates><latitude>45.088142</latitude><longitude>1.5192057</longitude></pointCoordinates><name><descriptor><values><value lang="fr">Noailles</value></values></descriptor><tpegOtherPointDescriptorType>townName</tpegOtherPointDescriptorType></name><name><descriptor><values><value lang="fr">A20</value></values></descriptor><tpegOtherPointDescriptorType>linkName</tpegOtherPointDescriptorType></name></to><from xsi:type="TpegNonJunctionPoint"><pointCoordinates><latitude>45.051594</latitude><longitude>1.5119597</longitude></pointCoordinates><name><descriptor><values><value lang="fr">Nespouls</value></values></descriptor><tpegOtherPointDescriptorType>townName</tpegOtherPointDescriptorType></name><name><descriptor><values><value lang="fr">A20</value></values></descriptor><tpegOtherPointDescriptorType>linkName</tpegOtherPointDescriptorType></name></from></tpegLinearLocation><alertCLinear xsi:type="AlertCMethod4Linear"><alertCLocationCountryCode>F</alertCLocationCountryCode><alertCLocationTableNumber>32</alertCLocationTableNumber><alertCLocationTableVersion>11.0</alertCLocationTableVersion><alertCDirection><alertCDirectionCoded>negative</alertCDirectionCoded></alertCDirection><alertCMethod4PrimaryPointLocation><alertCLocation><alertCLocationName><values><value lang="fr">Noailles</value></values></alertCLocationName><specificLocation>12068</specificLocation></alertCLocation><offsetDistance><offsetDistance>1112</offsetDistance></offsetDistance></alertCMethod4PrimaryPointLocation><alertCMethod4SecondaryPointLocation><alertCLocation><alertCLocationName><values><value lang="fr">Aire de Pech Montat</value></values></alertCLocationName><specificLocation>50262</specificLocation></alertCLocation><offsetDistance><offsetDistance>1350</offsetDistance></offsetDistance></alertCMethod4SecondaryPointLocation></alertCLinear><linearWithinLinearElement><directionRelativeOnLinearSection>opposite</directionRelativeOnLinearSection><linearElement><roadNumber>A0020</roadNumber></linearElement><fromPoint xsi:type="DistanceFromLinearElementReferent"><distanceAlong>500.0</distanceAlong><fromReferent><referentIdentifier>19PR282G</referentIdentifier><referentType>referenceMarker</referentType></fromReferent></fromPoint><toPoint xsi:type="DistanceFromLinearElementReferent"><distanceAlong>0.0</distanceAlong><fromReferent><referentIdentifier>19PR287GC</referentIdentifier><referentType>referenceMarker</referentType></fromReferent></toPoint></linearWithinLinearElement></groupOfLocations><situationRecordExtension><situationRecordExtendedApproved><safetyRelatedMessage>false</safetyRelatedMessage></situationRecordExtendedApproved></situationRecordExtension><complianceOption>mandatory</complianceOption><roadOrCarriagewayOrLaneManagementType>laneClosures</roadOrCarriagewayOrLaneManagementType></situationRecord></situation></payloadPublication></d2LogicalModel></soap:Body></soap:Envelope>