<?xml version="1.0" encoding="UTF-8"?><soap:Envelope xmlns:soap="http://www.w3.org/2003/05/soap-envelope"><soap:Body><d2LogicalModel xmlns="http://datex2.eu/schema/2/2_0" modelBaseVersion="2"><exchange><supplierIdentification><country>fr</country><nationalIdentifier>Tipi</nationalIdentifier></supplierIdentification><subscription><operatingMode>operatingMode1</operatingMode><subscriptionStartTime>2024-10-14T12:58:29.234+02:00</subscriptionStartTime><subscriptionState>active</subscriptionState><updateMethod>allElementUpdate</updateMethod><target><address/><protocol/></target></subscription></exchange><payloadPublication xmlns:xsi="http://www.w3.org/2001/XMLSchema-instance" xsi:type="SituationPublication" lang="fr"><publicationTime>2024-10-14T12:58:29.234+02:00</publicationTime><publicationCreator><country>fr</country><nationalIdentifier>Tipi</nationalIdentifier></publicationCreator><situation id="241014-001120" version="4"><overallSeverity>medium</overallSeverity><situationVersionTime>2024-10-14T12:58:28.666+02:00</situationVersionTime><headerInformation><confidentiality>noRestriction</confidentiality><informationStatus>real</informationStatus></headerInformation><situationRecord xsi:type="AbnormalTraffic" id="241014-001120-1" version="4"><situationRecordCreationTime>2024-10-14T11:08:27.303+02:00</situationRecordCreationTime><situationRecordObservationTime>2024-10-14T12:58:28.666+02:00</situationRecordObservationTime><situationRecordVersionTime>2024-10-14T12:58:28.666+02:00</situationRecordVersionTime><situationRecordFirstSupplierVersionTime>2024-10-14T11:08:27.303+02:00</situationRecordFirstSupplierVersionTime><probabilityOfOccurrence>certain</probabilityOfOccurrence><source><sourceIdentification>Direction interdépartementale des routes/DIR Sud-Ouest</sourceIdentification><sourceName><values><value lang="fr">CIGT Foix (Saint-Paul-de-Jarrat)</value></values></sourceName><sourceType>cameraObservation</sourceType><reliable>true</reliable></source><validity><validityStatus>definedByValidityTimeSpec</validityStatus><validityTimeSpecification><overallStartTime>2024-10-14T11:08:27.303+02:00</overallStartTime></validityTimeSpecification></validity><impact/><generalPublicComment><comment><values><value lang="fr">DIR Sud-Ouest/District Sud (Foix)/CEI Saint-Paul-de-Jarrat</value></values></comment><commentType>locationDescriptor</commentType></generalPublicComment><generalPublicComment><comment><values><value lang="fr">Point particulier : début : situé 8069 m au sud de Saint-Paul-de-Jarrat, fin : situé 186 m au nord de Tarascon-sur-Ariège nord</value></values></comment><commentType>locationDescriptor</commentType></generalPublicComment><generalPublicComment><comment><values><value lang="fr">De Pamiers vers Bourg-Madame - Espagne</value></values></comment><commentType>locationDescriptor</commentType></generalPublicComment><groupOfLocations xsi:type="Linear"><tpegLinearLocation><tpegDirection>southBound</tpegDirection><tpegLinearLocationType>segment</tpegLinearLocationType><to xsi:type="TpegNonJunctionPoint"><pointCoordinates><latitude>42.854122</latitude><longitude>1.5914189</longitude></pointCoordinates><name><descriptor><values><value lang="fr">Surba</value></values></descriptor><tpegOtherPointDescriptorType>townName</tpegOtherPointDescriptorType></name><name><descriptor><values><value lang="fr">N20</value></values></descriptor><tpegOtherPointDescriptorType>linkName</tpegOtherPointDescriptorType></name></to><from xsi:type="TpegNonJunctionPoint"><pointCoordinates><latitude>42.860863</latitude><longitude>1.5992833</longitude></pointCoordinates><name><descriptor><values><value lang="fr">Arignac</value></values></descriptor><tpegOtherPointDescriptorType>townName</tpegOtherPointDescriptorType></name><name><descriptor><values><value lang="fr">N20</value></values></descriptor><tpegOtherPointDescriptorType>linkName</tpegOtherPointDescriptorType></name></from></tpegLinearLocation><alertCLinear xsi:type="AlertCMethod4Linear"><alertCLocationCountryCode>F</alertCLocationCountryCode><alertCLocationTableNumber>32</alertCLocationTableNumber><alertCLocationTableVersion>11.0</alertCLocationTableVersion><alertCDirection><alertCDirectionCoded>positive</alertCDirectionCoded></alertCDirection><alertCMethod4PrimaryPointLocation><alertCLocation><alertCLocationName><values><value lang="fr">Tarascon-sur-Ariège nord</value></values></alertCLocationName><specificLocation>17388</specificLocation></alertCLocation><offsetDistance><offsetDistance>186</offsetDistance></offsetDistance></alertCMethod4PrimaryPointLocation><alertCMethod4SecondaryPointLocation><alertCLocation><alertCLocationName><values><value lang="fr">Saint-Paul-de-Jarrat</value></values></alertCLocationName><specificLocation>17387</specificLocation></alertCLocation><offsetDistance><offsetDistance>8069</offsetDistance></offsetDistance></alertCMethod4SecondaryPointLocation></alertCLinear><linearWithinLinearElement><directionRelativeOnLinearSection>aligned</directionRelativeOnLinearSection><linearElement><roadNumber>N0020</roadNumber></linearElement><fromPoint xsi:type="DistanceFromLinearElementReferent"><distanceAlong>500.0</distanceAlong><fromReferent><referentIdentifier>09PR52D</referentIdentifier><referentType>referenceMarker</referentType></fromReferent></fromPoint><toPoint xsi:type="DistanceFromLinearElementReferent"><distanceAlong>500.0</distanceAlong><fromReferent><referentIdentifier>09PR51D</referentIdentifier><referentType>referenceMarker</referentType></fromReferent></toPoint></linearWithinLinearElement></groupOfLocations><management><lifeCycleManagement><end>true</end></lifeCycleManagement></management><situationRecordExtension><situationRecordExtendedApproved><safetyRelatedMessage>false</safetyRelatedMessage></situationRecordExtendedApproved></situationRecordExtension><abnormalTrafficType>queuingTraffic</abnormalTrafficType><queueLength>1000</queueLength></situationRecord></situation></payloadPublication></d2LogicalModel></soap:Body></soap:Envelope>