<?xml version="1.0" encoding="UTF-8"?><soap:Envelope xmlns:soap="http://www.w3.org/2003/05/soap-envelope"><soap:Body><d2LogicalModel xmlns="http://datex2.eu/schema/2/2_0" modelBaseVersion="2"><exchange><supplierIdentification><country>fr</country><nationalIdentifier>Tipi</nationalIdentifier></supplierIdentification><subscription><operatingMode>operatingMode1</operatingMode><subscriptionStartTime>2023-07-17T10:02:06.159+02:00</subscriptionStartTime><subscriptionState>active</subscriptionState><updateMethod>allElementUpdate</updateMethod><target><address/><protocol/></target></subscription></exchange><payloadPublication xmlns:xsi="http://www.w3.org/2001/XMLSchema-instance" xsi:type="SituationPublication" lang="fr"><publicationTime>2023-07-17T10:02:06.159+02:00</publicationTime><publicationCreator><country>fr</country><nationalIdentifier>Tipi</nationalIdentifier></publicationCreator><situation id="230717-000187" version="2"><overallSeverity>medium</overallSeverity><situationVersionTime>2023-07-17T10:02:05.288+02:00</situationVersionTime><headerInformation><confidentiality>noRestriction</confidentiality><informationStatus>real</informationStatus></headerInformation><situationRecord xsi:type="GeneralNetworkManagement" id="230717-000187-1" version="2"><situationRecordCreationReference>Sirius_664420230717063158-Sirius_600056760_1</situationRecordCreationReference><situationRecordCreationTime>2023-07-17T06:31:59.000+02:00</situationRecordCreationTime><situationRecordObservationTime>2023-07-17T10:01:22.000+02:00</situationRecordObservationTime><situationRecordVersionTime>2023-07-17T10:02:05.288+02:00</situationRecordVersionTime><situationRecordFirstSupplierVersionTime>2023-07-17T06:31:59.000+02:00</situationRecordFirstSupplierVersionTime><probabilityOfOccurrence>certain</probabilityOfOccurrence><source><sourceIdentification>Direction interdépartementale des routes/DIR Île-de-France</sourceIdentification><reliable>true</reliable></source><validity><validityStatus>definedByValidityTimeSpec</validityStatus><validityTimeSpecification><overallStartTime>2023-07-17T06:31:59.000+02:00</overallStartTime><overallEndTime>2023-07-17T10:01:22.000+02:00</overallEndTime></validityTimeSpecification></validity><impact><originalNumberOfLanes>3</originalNumberOfLanes><trafficConstrictionType>lanesBlocked</trafficConstrictionType></impact><generalPublicComment><comment><values><value lang="fr">Hors voie de circulation</value></values></comment><commentType>locationDescriptor</commentType></generalPublicComment><generalPublicComment><comment><values><value lang="fr">DIR Île-de-France</value></values></comment><commentType>locationDescriptor</commentType></generalPublicComment><generalPublicComment><comment><values><value lang="fr">voie de gauche réservée aux véhicules autorisés (Bus-Taxi)
La mesure est obligatoire</value></values></comment><commentType>description</commentType></generalPublicComment><generalPublicComment><comment><values><value lang="fr">Point particulier : début : situé 872 m au sud de Le Bourget, fin : situé 2092 m au nord de Paris - Porte de la Chapelle</value></values></comment><commentType>locationDescriptor</commentType></generalPublicComment><generalPublicComment><comment><values><value lang="fr">De Lille vers Paris</value></values></comment><commentType>locationDescriptor</commentType></generalPublicComment><groupOfLocations xsi:type="Linear"><supplementaryPositionalDescription><affectedCarriagewayAndLanes><carriageway>mainCarriageway</carriageway><lane>hardShoulder</lane><lane>lane3</lane></affectedCarriagewayAndLanes></supplementaryPositionalDescription><tpegLinearLocation><tpegDirection>westBound</tpegDirection><tpegLinearLocationType>segment</tpegLinearLocationType><to xsi:type="TpegNonJunctionPoint"><pointCoordinates><latitude>48.9213</latitude><longitude>2.3571017</longitude></pointCoordinates><name><descriptor><values><value lang="fr">Saint-Denis</value></values></descriptor><tpegOtherPointDescriptorType>townName</tpegOtherPointDescriptorType></name><name><descriptor><values><value lang="fr">A1</value></values></descriptor><tpegOtherPointDescriptorType>linkName</tpegOtherPointDescriptorType></name></to><from xsi:type="TpegNonJunctionPoint"><pointCoordinates><latitude>48.937096</latitude><longitude>2.409301</longitude></pointCoordinates><name><descriptor><values><value lang="fr">La Courneuve</value></values></descriptor><tpegOtherPointDescriptorType>townName</tpegOtherPointDescriptorType></name><name><descriptor><values><value lang="fr">A1</value></values></descriptor><tpegOtherPointDescriptorType>linkName</tpegOtherPointDescriptorType></name></from></tpegLinearLocation><alertCLinear xsi:type="AlertCMethod4Linear"><alertCLocationCountryCode>F</alertCLocationCountryCode><alertCLocationTableNumber>32</alertCLocationTableNumber><alertCLocationTableVersion>11.0</alertCLocationTableVersion><alertCDirection><alertCDirectionCoded>negative</alertCDirectionCoded></alertCDirection><alertCMethod4PrimaryPointLocation><alertCLocation><alertCLocationName><values><value lang="fr">Paris - Porte de la Chapelle</value></values></alertCLocationName><specificLocation>14492</specificLocation></alertCLocation><offsetDistance><offsetDistance>2092</offsetDistance></offsetDistance></alertCMethod4PrimaryPointLocation><alertCMethod4SecondaryPointLocation><alertCLocation><alertCLocationName><values><value lang="fr">Le Bourget</value></values></alertCLocationName><specificLocation>11008</specificLocation></alertCLocation><offsetDistance><offsetDistance>872</offsetDistance></offsetDistance></alertCMethod4SecondaryPointLocation></alertCLinear><linearWithinLinearElement><directionRelativeOnLinearSection>opposite</directionRelativeOnLinearSection><linearElement><roadNumber>A0001</roadNumber></linearElement><fromPoint xsi:type="DistanceFromLinearElementReferent"><distanceAlong>200.0</distanceAlong><fromReferent><referentIdentifier>93PR2G</referentIdentifier><referentType>referenceMarker</referentType></fromReferent></fromPoint><toPoint xsi:type="DistanceFromLinearElementReferent"><distanceAlong>900.0</distanceAlong><fromReferent><referentIdentifier>93PR6G</referentIdentifier><referentType>referenceMarker</referentType></fromReferent></toPoint></linearWithinLinearElement></groupOfLocations><management><lifeCycleManagement><end>true</end></lifeCycleManagement></management><situationRecordExtension><situationRecordExtendedApproved><safetyRelatedMessage>false</safetyRelatedMessage></situationRecordExtendedApproved></situationRecordExtension><complianceOption>mandatory</complianceOption><generalNetworkManagementType>other</generalNetworkManagementType></situationRecord></situation></payloadPublication></d2LogicalModel></soap:Body></soap:Envelope>