<?xml version="1.0" encoding="UTF-8"?><soap:Envelope xmlns:soap="http://www.w3.org/2003/05/soap-envelope"><soap:Body><d2LogicalModel xmlns="http://datex2.eu/schema/2/2_0" modelBaseVersion="2"><exchange><supplierIdentification><country>fr</country><nationalIdentifier>Tipi</nationalIdentifier></supplierIdentification><subscription><operatingMode>operatingMode1</operatingMode><subscriptionStartTime>2024-10-26T18:22:11.288+02:00</subscriptionStartTime><subscriptionState>active</subscriptionState><updateMethod>allElementUpdate</updateMethod><target><address/><protocol/></target></subscription></exchange><payloadPublication xmlns:xsi="http://www.w3.org/2001/XMLSchema-instance" xsi:type="SituationPublication" lang="fr"><publicationTime>2024-10-26T18:22:11.288+02:00</publicationTime><publicationCreator><country>fr</country><nationalIdentifier>Tipi</nationalIdentifier></publicationCreator><situation id="241026-001417" version="4"><overallSeverity>medium</overallSeverity><situationVersionTime>2024-10-26T18:22:10.815+02:00</situationVersionTime><headerInformation><confidentiality>noRestriction</confidentiality><informationStatus>real</informationStatus></headerInformation><situationRecord xsi:type="VehicleObstruction" id="241026-001417-1" version="4"><situationRecordCreationReference>EVE_DIRO-S-241026-0081-EVE_DIRO-SR-241026-000088</situationRecordCreationReference><situationRecordCreationTime>2024-10-26T17:50:22.096+02:00</situationRecordCreationTime><situationRecordObservationTime>2024-10-26T18:22:07.427+02:00</situationRecordObservationTime><situationRecordVersionTime>2024-10-26T18:22:10.815+02:00</situationRecordVersionTime><situationRecordFirstSupplierVersionTime>2024-10-26T17:50:22.096+02:00</situationRecordFirstSupplierVersionTime><probabilityOfOccurrence>certain</probabilityOfOccurrence><source><sourceIdentification>Direction interdépartementale des routes/DIR Ouest</sourceIdentification><reliable>true</reliable></source><validity><validityStatus>definedByValidityTimeSpec</validityStatus><validityTimeSpecification><overallStartTime>2024-10-26T17:50:22.030+02:00</overallStartTime><overallEndTime>2024-10-26T18:22:07.420+02:00</overallEndTime></validityTimeSpecification></validity><impact><numberOfLanesRestricted>0</numberOfLanesRestricted><originalNumberOfLanes>2</originalNumberOfLanes></impact><generalPublicComment><comment><values><value lang="fr">DIR Ouest/District de Brest/CEI de Chateaulin</value></values></comment><commentType>locationDescriptor</commentType></generalPublicComment><generalPublicComment><comment><values><value lang="fr">situé 4819 m au sud de Kiella</value></values></comment><commentType>locationDescriptor</commentType></generalPublicComment><generalPublicComment><comment><values><value lang="fr">De Nantes vers Brest</value></values></comment><commentType>locationDescriptor</commentType></generalPublicComment><groupOfLocations xsi:type="Point"><tpegPointLocation xsi:type="TpegSimplePoint"><tpegDirection>northBound</tpegDirection><tpegSimplePointLocationType>nonLinkedPoint</tpegSimplePointLocationType><point xsi:type="TpegNonJunctionPoint"><pointCoordinates><latitude>48.274982</latitude><longitude>-4.118382</longitude></pointCoordinates><name><descriptor><values><value lang="fr">Pont-de-Buis-lès-Quimerch</value></values></descriptor><tpegOtherPointDescriptorType>townName</tpegOtherPointDescriptorType></name><name><descriptor><values><value lang="fr">N165</value></values></descriptor><tpegOtherPointDescriptorType>linkName</tpegOtherPointDescriptorType></name></point></tpegPointLocation><alertCPoint xsi:type="AlertCMethod4Point"><alertCLocationCountryCode>F</alertCLocationCountryCode><alertCLocationTableNumber>32</alertCLocationTableNumber><alertCLocationTableVersion>11.0</alertCLocationTableVersion><alertCDirection><alertCDirectionCoded>positive</alertCDirectionCoded></alertCDirection><alertCMethod4PrimaryPointLocation><alertCLocation><alertCLocationName><values><value lang="fr">Kiella</value></values></alertCLocationName><specificLocation>47083</specificLocation></alertCLocation><offsetDistance><offsetDistance>4819</offsetDistance></offsetDistance></alertCMethod4PrimaryPointLocation></alertCPoint><pointAlongLinearElement><directionRelativeAtPoint>aligned</directionRelativeAtPoint><linearElement><roadNumber>N0165</roadNumber></linearElement><distanceAlongLinearElement xsi:type="DistanceFromLinearElementReferent"><distanceAlong>0.0</distanceAlong><fromReferent><referentIdentifier>29PR86D</referentIdentifier><referentType>referenceMarker</referentType></fromReferent></distanceAlongLinearElement></pointAlongLinearElement></groupOfLocations><management><lifeCycleManagement><end>true</end></lifeCycleManagement></management><situationRecordExtension><situationRecordExtendedApproved><safetyRelatedMessage>true</safetyRelatedMessage></situationRecordExtendedApproved></situationRecordExtension><mobilityOfObstruction><mobilityType>stationary</mobilityType></mobilityOfObstruction><vehicleObstructionType>brokenDownVehicle</vehicleObstructionType><obstructingVehicle><vehicleCharacteristics><vehicleType>car</vehicleType></vehicleCharacteristics></obstructingVehicle></situationRecord></situation></payloadPublication></d2LogicalModel></soap:Body></soap:Envelope>