<?xml version="1.0" encoding="UTF-8"?><soap:Envelope xmlns:soap="http://www.w3.org/2003/05/soap-envelope"><soap:Body><d2LogicalModel xmlns="http://datex2.eu/schema/2/2_0" modelBaseVersion="2"><exchange><supplierIdentification><country>fr</country><nationalIdentifier>Tipi</nationalIdentifier></supplierIdentification><subscription><operatingMode>operatingMode1</operatingMode><subscriptionStartTime>2025-02-04T15:14:50.887+01:00</subscriptionStartTime><subscriptionState>active</subscriptionState><updateMethod>allElementUpdate</updateMethod><target><address/><protocol/></target></subscription></exchange><payloadPublication xmlns:xsi="http://www.w3.org/2001/XMLSchema-instance" xsi:type="SituationPublication" lang="fr"><publicationTime>2025-02-04T15:14:50.887+01:00</publicationTime><publicationCreator><country>fr</country><nationalIdentifier>Tipi</nationalIdentifier></publicationCreator><situation id="250204-001610" version="2"><overallSeverity>medium</overallSeverity><situationVersionTime>2025-02-04T15:14:50.382+01:00</situationVersionTime><headerInformation><confidentiality>noRestriction</confidentiality><informationStatus>real</informationStatus></headerInformation><situationRecord xsi:type="Accident" id="250204-001610-1" version="2"><situationRecordCreationReference>EVE_DIRO-S-250204-0098-EVE_DIRO-SR-250204-000110</situationRecordCreationReference><situationRecordCreationTime>2025-02-04T15:00:42.020+01:00</situationRecordCreationTime><situationRecordObservationTime>2025-02-04T15:14:46.299+01:00</situationRecordObservationTime><situationRecordVersionTime>2025-02-04T15:14:50.382+01:00</situationRecordVersionTime><situationRecordFirstSupplierVersionTime>2025-02-04T15:00:42.020+01:00</situationRecordFirstSupplierVersionTime><probabilityOfOccurrence>certain</probabilityOfOccurrence><source><sourceIdentification>Direction interdépartementale des routes/DIR Ouest</sourceIdentification><reliable>true</reliable></source><validity><validityStatus>definedByValidityTimeSpec</validityStatus><validityTimeSpecification><overallStartTime>2025-02-04T15:00:41.928+01:00</overallStartTime></validityTimeSpecification></validity><impact><numberOfLanesRestricted>0</numberOfLanesRestricted><originalNumberOfLanes>2</originalNumberOfLanes></impact><generalPublicComment><comment><values><value lang="fr">situé 922 m à l'est de Jual</value></values></comment><commentType>locationDescriptor</commentType></generalPublicComment><generalPublicComment><comment><values><value lang="fr">Hors voie de circulation</value></values></comment><commentType>locationDescriptor</commentType></generalPublicComment><generalPublicComment><comment><values><value lang="fr">De Paris vers Brest</value></values></comment><commentType>locationDescriptor</commentType></generalPublicComment><groupOfLocations xsi:type="Point"><supplementaryPositionalDescription><affectedCarriagewayAndLanes><carriageway>mainCarriageway</carriageway><lane>hardShoulder</lane></affectedCarriagewayAndLanes></supplementaryPositionalDescription><tpegPointLocation xsi:type="TpegSimplePoint"><tpegDirection>westBound</tpegDirection><tpegSimplePointLocationType>nonLinkedPoint</tpegSimplePointLocationType><point xsi:type="TpegNonJunctionPoint"><pointCoordinates><latitude>48.202618</latitude><longitude>-2.0320854</longitude></pointCoordinates><name><descriptor><values><value lang="fr">Montauban-de-Bretagne</value></values></descriptor><tpegOtherPointDescriptorType>townName</tpegOtherPointDescriptorType></name><name><descriptor><values><value lang="fr">N12</value></values></descriptor><tpegOtherPointDescriptorType>linkName</tpegOtherPointDescriptorType></name></point></tpegPointLocation><alertCPoint xsi:type="AlertCMethod4Point"><alertCLocationCountryCode>F</alertCLocationCountryCode><alertCLocationTableNumber>32</alertCLocationTableNumber><alertCLocationTableVersion>11.0</alertCLocationTableVersion><alertCDirection><alertCDirectionCoded>positive</alertCDirectionCoded></alertCDirection><alertCMethod4PrimaryPointLocation><alertCLocation><alertCLocationName><values><value lang="fr">Jual</value></values></alertCLocationName><specificLocation>13612</specificLocation></alertCLocation><offsetDistance><offsetDistance>922</offsetDistance></offsetDistance></alertCMethod4PrimaryPointLocation></alertCPoint><pointAlongLinearElement><directionRelativeAtPoint>aligned</directionRelativeAtPoint><linearElement><roadNumber>N0012</roadNumber></linearElement><distanceAlongLinearElement xsi:type="DistanceFromLinearElementReferent"><distanceAlong>700.0</distanceAlong><fromReferent><referentIdentifier>35PR89D</referentIdentifier><referentType>referenceMarker</referentType></fromReferent></distanceAlongLinearElement></pointAlongLinearElement></groupOfLocations><situationRecordExtension><situationRecordExtendedApproved><safetyRelatedMessage>true</safetyRelatedMessage></situationRecordExtendedApproved></situationRecordExtension><accidentType>accident</accidentType><groupOfVehiclesInvolved><numberOfVehicles>1</numberOfVehicles><vehicleCharacteristics><vehicleType>car</vehicleType></vehicleCharacteristics></groupOfVehiclesInvolved></situationRecord></situation></payloadPublication></d2LogicalModel></soap:Body></soap:Envelope>