<?xml version="1.0" encoding="UTF-8"?><soap:Envelope xmlns:soap="http://www.w3.org/2003/05/soap-envelope"><soap:Body><d2LogicalModel xmlns="http://datex2.eu/schema/2/2_0" modelBaseVersion="2"><exchange><supplierIdentification><country>fr</country><nationalIdentifier>Tipi</nationalIdentifier></supplierIdentification><subscription><operatingMode>operatingMode1</operatingMode><subscriptionStartTime>2022-07-07T10:36:15.273+02:00</subscriptionStartTime><subscriptionState>active</subscriptionState><updateMethod>allElementUpdate</updateMethod><target><address/><protocol/></target></subscription></exchange><payloadPublication xmlns:xsi="http://www.w3.org/2001/XMLSchema-instance" xsi:type="SituationPublication" lang="fr"><publicationTime>2022-07-07T10:36:15.273+02:00</publicationTime><publicationCreator><country>fr</country><nationalIdentifier>Tipi</nationalIdentifier></publicationCreator><situation id="220707-000768" version="2"><overallSeverity>medium</overallSeverity><situationVersionTime>2022-07-07T10:36:13.292+02:00</situationVersionTime><headerInformation><confidentiality>noRestriction</confidentiality><informationStatus>real</informationStatus></headerInformation><situationRecord xsi:type="MaintenanceWorks" id="220707-000768-1" version="2"><situationRecordCreationTime>2022-07-07T09:30:59.560+02:00</situationRecordCreationTime><situationRecordObservationTime>2022-07-07T10:36:13.292+02:00</situationRecordObservationTime><situationRecordVersionTime>2022-07-07T10:36:13.292+02:00</situationRecordVersionTime><situationRecordFirstSupplierVersionTime>2022-07-07T09:30:59.560+02:00</situationRecordFirstSupplierVersionTime><probabilityOfOccurrence>certain</probabilityOfOccurrence><source><sourceIdentification>Direction interdépartementale des routes/DIR Ouest</sourceIdentification><sourceName><values><value lang="fr">CEI de Locminé</value></values></sourceName><reliable>true</reliable></source><validity><validityStatus>definedByValidityTimeSpec</validityStatus><validityTimeSpecification><overallStartTime>2022-07-07T09:30:59.560+02:00</overallStartTime><overallEndTime>2022-07-07T17:00:00.000+02:00</overallEndTime></validityTimeSpecification></validity><generalPublicComment><comment><values><value lang="fr">Point particulier : début : situé 1367 m à l'ouest de Josselin, fin : situé 2392 m à l'est de Guéhenno</value></values></comment><commentType>locationDescriptor</commentType></generalPublicComment><generalPublicComment><comment><values><value lang="fr">DIR Ouest/District de Vannes/CEI de Locminé</value></values></comment><commentType>locationDescriptor</commentType></generalPublicComment><generalPublicComment><comment><values><value lang="fr">De Rennes vers Lorient</value></values></comment><commentType>locationDescriptor</commentType></generalPublicComment><groupOfLocations xsi:type="Linear"><tpegLinearLocation><tpegDirection>westBound</tpegDirection><tpegLinearLocationType>segment</tpegLinearLocationType><to xsi:type="TpegNonJunctionPoint"><pointCoordinates><latitude>47.945198</latitude><longitude>-2.595153</longitude></pointCoordinates><name><descriptor><values><value lang="fr">Guégon</value></values></descriptor><tpegOtherPointDescriptorType>townName</tpegOtherPointDescriptorType></name><name><descriptor><values><value lang="fr">N24</value></values></descriptor><tpegOtherPointDescriptorType>linkName</tpegOtherPointDescriptorType></name></to><from xsi:type="TpegNonJunctionPoint"><pointCoordinates><latitude>47.94775</latitude><longitude>-2.5811431</longitude></pointCoordinates><name><descriptor><values><value lang="fr">Guégon</value></values></descriptor><tpegOtherPointDescriptorType>townName</tpegOtherPointDescriptorType></name><name><descriptor><values><value lang="fr">N24</value></values></descriptor><tpegOtherPointDescriptorType>linkName</tpegOtherPointDescriptorType></name></from></tpegLinearLocation><alertCLinear xsi:type="AlertCMethod4Linear"><alertCLocationCountryCode>F</alertCLocationCountryCode><alertCLocationTableNumber>32</alertCLocationTableNumber><alertCLocationTableVersion>11.0</alertCLocationTableVersion><alertCDirection><alertCDirectionCoded>positive</alertCDirectionCoded></alertCDirection><alertCMethod4PrimaryPointLocation><alertCLocation><alertCLocationName><values><value lang="fr">Guéhenno</value></values></alertCLocationName><specificLocation>47518</specificLocation></alertCLocation><offsetDistance><offsetDistance>2392</offsetDistance></offsetDistance></alertCMethod4PrimaryPointLocation><alertCMethod4SecondaryPointLocation><alertCLocation><alertCLocationName><values><value lang="fr">Josselin</value></values></alertCLocationName><specificLocation>47517</specificLocation></alertCLocation><offsetDistance><offsetDistance>1367</offsetDistance></offsetDistance></alertCMethod4SecondaryPointLocation></alertCLinear><linearWithinLinearElement><directionRelativeOnLinearSection>aligned</directionRelativeOnLinearSection><linearElement><roadNumber>N0024</roadNumber></linearElement><fromPoint xsi:type="DistanceFromLinearElementReferent"><distanceAlong>800.0</distanceAlong><fromReferent><referentIdentifier>56PR36D</referentIdentifier><referentType>referenceMarker</referentType></fromReferent></fromPoint><toPoint xsi:type="DistanceFromLinearElementReferent"><distanceAlong>700.0</distanceAlong><fromReferent><referentIdentifier>56PR35D</referentIdentifier><referentType>referenceMarker</referentType></fromReferent></toPoint></linearWithinLinearElement></groupOfLocations><management><lifeCycleManagement><end>true</end></lifeCycleManagement></management><situationRecordExtension><situationRecordExtendedApproved><safetyRelatedMessage>false</safetyRelatedMessage></situationRecordExtendedApproved></situationRecordExtension><subjects><subjectTypeOfWorks>roadSigns</subjectTypeOfWorks></subjects><roadMaintenanceType>roadsideWork</roadMaintenanceType></situationRecord><situationRecord xsi:type="RoadOrCarriagewayOrLaneManagement" id="220707-000768-2" version="2"><situationRecordCreationTime>2022-07-07T09:30:59.560+02:00</situationRecordCreationTime><situationRecordObservationTime>2022-07-07T10:36:13.292+02:00</situationRecordObservationTime><situationRecordVersionTime>2022-07-07T10:36:13.292+02:00</situationRecordVersionTime><situationRecordFirstSupplierVersionTime>2022-07-07T09:30:59.560+02:00</situationRecordFirstSupplierVersionTime><probabilityOfOccurrence>certain</probabilityOfOccurrence><source><sourceIdentification>Direction interdépartementale des routes/DIR Ouest</sourceIdentification><sourceName><values><value lang="fr">CEI de Locminé</value></values></sourceName><reliable>true</reliable></source><validity><validityStatus>definedByValidityTimeSpec</validityStatus><validityTimeSpecification><overallStartTime>2022-07-07T09:30:59.560+02:00</overallStartTime><overallEndTime>2022-07-07T17:00:00.000+02:00</overallEndTime></validityTimeSpecification></validity><impact><originalNumberOfLanes>2</originalNumberOfLanes></impact><generalPublicComment><comment><values><value lang="fr">Cause chantier</value></values></comment><commentType>internalNote</commentType></generalPublicComment><generalPublicComment><comment><values><value lang="fr">Point particulier : début : situé 1367 m à l'ouest de Josselin, fin : situé 2392 m à l'est de Guéhenno</value></values></comment><commentType>locationDescriptor</commentType></generalPublicComment><generalPublicComment><comment><values><value lang="fr">DIR Ouest/District de Vannes/CEI de Locminé</value></values></comment><commentType>locationDescriptor</commentType></generalPublicComment><generalPublicComment><comment><values><value lang="fr">De Rennes vers Lorient</value></values></comment><commentType>locationDescriptor</commentType></generalPublicComment><groupOfLocations xsi:type="Linear"><supplementaryPositionalDescription><affectedCarriagewayAndLanes><carriageway>mainCarriageway</carriageway><lane>lane1</lane></affectedCarriagewayAndLanes></supplementaryPositionalDescription><tpegLinearLocation><tpegDirection>westBound</tpegDirection><tpegLinearLocationType>segment</tpegLinearLocationType><to xsi:type="TpegNonJunctionPoint"><pointCoordinates><latitude>47.945198</latitude><longitude>-2.595153</longitude></pointCoordinates><name><descriptor><values><value lang="fr">Guégon</value></values></descriptor><tpegOtherPointDescriptorType>townName</tpegOtherPointDescriptorType></name><name><descriptor><values><value lang="fr">N24</value></values></descriptor><tpegOtherPointDescriptorType>linkName</tpegOtherPointDescriptorType></name></to><from xsi:type="TpegNonJunctionPoint"><pointCoordinates><latitude>47.94775</latitude><longitude>-2.5811431</longitude></pointCoordinates><name><descriptor><values><value lang="fr">Guégon</value></values></descriptor><tpegOtherPointDescriptorType>townName</tpegOtherPointDescriptorType></name><name><descriptor><values><value lang="fr">N24</value></values></descriptor><tpegOtherPointDescriptorType>linkName</tpegOtherPointDescriptorType></name></from></tpegLinearLocation><alertCLinear xsi:type="AlertCMethod4Linear"><alertCLocationCountryCode>F</alertCLocationCountryCode><alertCLocationTableNumber>32</alertCLocationTableNumber><alertCLocationTableVersion>11.0</alertCLocationTableVersion><alertCDirection><alertCDirectionCoded>positive</alertCDirectionCoded></alertCDirection><alertCMethod4PrimaryPointLocation><alertCLocation><alertCLocationName><values><value lang="fr">Guéhenno</value></values></alertCLocationName><specificLocation>47518</specificLocation></alertCLocation><offsetDistance><offsetDistance>2392</offsetDistance></offsetDistance></alertCMethod4PrimaryPointLocation><alertCMethod4SecondaryPointLocation><alertCLocation><alertCLocationName><values><value lang="fr">Josselin</value></values></alertCLocationName><specificLocation>47517</specificLocation></alertCLocation><offsetDistance><offsetDistance>1367</offsetDistance></offsetDistance></alertCMethod4SecondaryPointLocation></alertCLinear><linearWithinLinearElement><directionRelativeOnLinearSection>aligned</directionRelativeOnLinearSection><linearElement><roadNumber>N0024</roadNumber></linearElement><fromPoint xsi:type="DistanceFromLinearElementReferent"><distanceAlong>800.0</distanceAlong><fromReferent><referentIdentifier>56PR36D</referentIdentifier><referentType>referenceMarker</referentType></fromReferent></fromPoint><toPoint xsi:type="DistanceFromLinearElementReferent"><distanceAlong>700.0</distanceAlong><fromReferent><referentIdentifier>56PR35D</referentIdentifier><referentType>referenceMarker</referentType></fromReferent></toPoint></linearWithinLinearElement></groupOfLocations><management><lifeCycleManagement><end>true</end></lifeCycleManagement></management><situationRecordExtension><situationRecordExtendedApproved><safetyRelatedMessage>false</safetyRelatedMessage></situationRecordExtendedApproved></situationRecordExtension><complianceOption>mandatory</complianceOption><roadOrCarriagewayOrLaneManagementType>laneClosures</roadOrCarriagewayOrLaneManagementType></situationRecord></situation></payloadPublication></d2LogicalModel></soap:Body></soap:Envelope>