<?xml version="1.0" encoding="UTF-8"?><soap:Envelope xmlns:soap="http://www.w3.org/2003/05/soap-envelope"><soap:Body><d2LogicalModel xmlns="http://datex2.eu/schema/2/2_0" modelBaseVersion="2"><exchange><supplierIdentification><country>fr</country><nationalIdentifier>Tipi</nationalIdentifier></supplierIdentification><subscription><operatingMode>operatingMode1</operatingMode><subscriptionStartTime>2023-02-21T20:28:35.021+01:00</subscriptionStartTime><subscriptionState>active</subscriptionState><updateMethod>allElementUpdate</updateMethod><target><address/><protocol/></target></subscription></exchange><payloadPublication xmlns:xsi="http://www.w3.org/2001/XMLSchema-instance" xsi:type="SituationPublication" lang="fr"><publicationTime>2023-02-21T20:28:35.021+01:00</publicationTime><publicationCreator><country>fr</country><nationalIdentifier>Tipi</nationalIdentifier></publicationCreator><situation id="230221-001878" version="5"><overallSeverity>medium</overallSeverity><situationVersionTime>2023-02-21T20:28:33.913+01:00</situationVersionTime><headerInformation><confidentiality>noRestriction</confidentiality><informationStatus>real</informationStatus></headerInformation><situationRecord xsi:type="GeneralNetworkManagement" id="230221-001878-103" version="3"><situationRecordCreationReference>EVE_DIRCE230221-000088-EVE_DIRCE230221-000107</situationRecordCreationReference><situationRecordCreationTime>2023-02-21T20:18:01.055+01:00</situationRecordCreationTime><situationRecordObservationTime>2023-02-21T20:17:59.752+01:00</situationRecordObservationTime><situationRecordVersionTime>2023-02-21T20:28:33.913+01:00</situationRecordVersionTime><situationRecordFirstSupplierVersionTime>2023-02-21T20:18:01.055+01:00</situationRecordFirstSupplierVersionTime><probabilityOfOccurrence>riskOf</probabilityOfOccurrence><source><sourceIdentification>Direction interdépartementale des routes/DIR Centre-Est</sourceIdentification><reliable>true</reliable></source><validity><validityStatus>definedByValidityTimeSpec</validityStatus><validityTimeSpecification><overallStartTime>2023-02-21T20:17:59.752+01:00</overallStartTime></validityTimeSpecification></validity><impact><numberOfLanesRestricted>1</numberOfLanesRestricted><originalNumberOfLanes>2</originalNumberOfLanes></impact><generalPublicComment><comment><values><value lang="fr">DIR Centre-Est/District Saint-Étienne/CEI Varizelle</value></values></comment><commentType>locationDescriptor</commentType></generalPublicComment><generalPublicComment><comment><values><value lang="fr">La mesure est obligatoire</value></values></comment><commentType>description</commentType></generalPublicComment><generalPublicComment><comment><values><value lang="fr">situé 508 m à l'ouest de Saint-Etienne - Montreynaud</value></values></comment><commentType>locationDescriptor</commentType></generalPublicComment><generalPublicComment><comment><values><value lang="fr">De Clermont-Ferrand vers Saint-Étienne</value></values></comment><commentType>locationDescriptor</commentType></generalPublicComment><groupOfLocations xsi:type="Point"><supplementaryPositionalDescription><affectedCarriagewayAndLanes><carriageway>mainCarriageway</carriageway><lane>lane2</lane></affectedCarriagewayAndLanes></supplementaryPositionalDescription><tpegPointLocation xsi:type="TpegSimplePoint"><tpegDirection>eastBound</tpegDirection><tpegSimplePointLocationType>nonLinkedPoint</tpegSimplePointLocationType><point xsi:type="TpegNonJunctionPoint"><pointCoordinates><latitude>45.466206</latitude><longitude>4.3929076</longitude></pointCoordinates><name><descriptor><values><value lang="fr">Saint-Étienne</value></values></descriptor><tpegOtherPointDescriptorType>townName</tpegOtherPointDescriptorType></name><name><descriptor><values><value lang="fr">A72</value></values></descriptor><tpegOtherPointDescriptorType>linkName</tpegOtherPointDescriptorType></name></point></tpegPointLocation><alertCPoint xsi:type="AlertCMethod4Point"><alertCLocationCountryCode>F</alertCLocationCountryCode><alertCLocationTableNumber>32</alertCLocationTableNumber><alertCLocationTableVersion>11.0</alertCLocationTableVersion><alertCDirection><alertCDirectionCoded>positive</alertCDirectionCoded></alertCDirection><alertCMethod4PrimaryPointLocation><alertCLocation><alertCLocationName><values><value lang="fr">Saint-Etienne - Montreynaud</value></values></alertCLocationName><specificLocation>13076</specificLocation></alertCLocation><offsetDistance><offsetDistance>508</offsetDistance></offsetDistance></alertCMethod4PrimaryPointLocation></alertCPoint><pointAlongLinearElement><directionRelativeAtPoint>opposite</directionRelativeAtPoint><linearElement><roadNumber>A0072</roadNumber></linearElement><distanceAlongLinearElement xsi:type="DistanceFromLinearElementReferent"><distanceAlong>0.0</distanceAlong><fromReferent><referentIdentifier>42PR5G</referentIdentifier><referentType>referenceMarker</referentType></fromReferent></distanceAlongLinearElement></pointAlongLinearElement></groupOfLocations><situationRecordExtension><situationRecordExtendedApproved><safetyRelatedMessage>false</safetyRelatedMessage></situationRecordExtendedApproved></situationRecordExtension><complianceOption>mandatory</complianceOption><generalNetworkManagementType>other</generalNetworkManagementType></situationRecord><situationRecord xsi:type="GeneralNetworkManagement" id="230221-001878-102" version="4"><situationRecordCreationReference>EVE_DIRCE230221-000088-EVE_DIRCE230221-000106</situationRecordCreationReference><situationRecordCreationTime>2023-02-21T20:17:22.293+01:00</situationRecordCreationTime><situationRecordObservationTime>2023-02-21T20:27:57.342+01:00</situationRecordObservationTime><situationRecordVersionTime>2023-02-21T20:28:33.913+01:00</situationRecordVersionTime><situationRecordFirstSupplierVersionTime>2023-02-21T20:17:22.293+01:00</situationRecordFirstSupplierVersionTime><probabilityOfOccurrence>certain</probabilityOfOccurrence><source><sourceIdentification>Direction interdépartementale des routes/DIR Centre-Est</sourceIdentification><reliable>true</reliable></source><validity><validityStatus>definedByValidityTimeSpec</validityStatus><validityTimeSpecification><overallStartTime>2023-02-21T20:27:57.337+01:00</overallStartTime></validityTimeSpecification></validity><impact><numberOfLanesRestricted>0</numberOfLanesRestricted><originalNumberOfLanes>2</originalNumberOfLanes></impact><generalPublicComment><comment><values><value lang="fr">DIR Centre-Est/District Saint-Étienne/CEI Varizelle</value></values></comment><commentType>locationDescriptor</commentType></generalPublicComment><generalPublicComment><comment><values><value lang="fr">La mesure est obligatoire</value></values></comment><commentType>description</commentType></generalPublicComment><generalPublicComment><comment><values><value lang="fr">situé 487 m à l'est de Saint-Etienne - Montreynaud</value></values></comment><commentType>locationDescriptor</commentType></generalPublicComment><generalPublicComment><comment><values><value lang="fr">De Saint-Étienne vers Clermont-Ferrand</value></values></comment><commentType>locationDescriptor</commentType></generalPublicComment><groupOfLocations xsi:type="Point"><tpegPointLocation xsi:type="TpegSimplePoint"><tpegDirection>westBound</tpegDirection><tpegSimplePointLocationType>nonLinkedPoint</tpegSimplePointLocationType><point xsi:type="TpegNonJunctionPoint"><pointCoordinates><latitude>45.461388</latitude><longitude>4.402867</longitude></pointCoordinates><name><descriptor><values><value lang="fr">Saint-Étienne</value></values></descriptor><tpegOtherPointDescriptorType>townName</tpegOtherPointDescriptorType></name><name><descriptor><values><value lang="fr">A72</value></values></descriptor><tpegOtherPointDescriptorType>linkName</tpegOtherPointDescriptorType></name></point></tpegPointLocation><alertCPoint xsi:type="AlertCMethod4Point"><alertCLocationCountryCode>F</alertCLocationCountryCode><alertCLocationTableNumber>32</alertCLocationTableNumber><alertCLocationTableVersion>11.0</alertCLocationTableVersion><alertCDirection><alertCDirectionCoded>negative</alertCDirectionCoded></alertCDirection><alertCMethod4PrimaryPointLocation><alertCLocation><alertCLocationName><values><value lang="fr">Saint-Etienne - Montreynaud</value></values></alertCLocationName><specificLocation>13076</specificLocation></alertCLocation><offsetDistance><offsetDistance>487</offsetDistance></offsetDistance></alertCMethod4PrimaryPointLocation></alertCPoint><pointAlongLinearElement><directionRelativeAtPoint>aligned</directionRelativeAtPoint><linearElement><roadNumber>A0072</roadNumber></linearElement><distanceAlongLinearElement xsi:type="DistanceFromLinearElementReferent"><distanceAlong>0.0</distanceAlong><fromReferent><referentIdentifier>42PR4D</referentIdentifier><referentType>referenceMarker</referentType></fromReferent></distanceAlongLinearElement></pointAlongLinearElement></groupOfLocations><situationRecordExtension><situationRecordExtendedApproved><safetyRelatedMessage>false</safetyRelatedMessage></situationRecordExtendedApproved></situationRecordExtension><complianceOption>mandatory</complianceOption><generalNetworkManagementType>other</generalNetworkManagementType></situationRecord><situationRecord xsi:type="MaintenanceWorks" id="230221-001878-1" version="5"><situationRecordCreationReference>EVE_DIRCE230221-000088-EVE_DIRCE230221-000105</situationRecordCreationReference><situationRecordCreationTime>2023-02-21T20:16:28.763+01:00</situationRecordCreationTime><situationRecordObservationTime>2023-02-21T20:27:57.363+01:00</situationRecordObservationTime><situationRecordVersionTime>2023-02-21T20:28:33.913+01:00</situationRecordVersionTime><situationRecordFirstSupplierVersionTime>2023-02-21T20:16:28.763+01:00</situationRecordFirstSupplierVersionTime><probabilityOfOccurrence>certain</probabilityOfOccurrence><source><sourceIdentification>Direction interdépartementale des routes/DIR Centre-Est</sourceIdentification><reliable>true</reliable></source><validity><validityStatus>definedByValidityTimeSpec</validityStatus><validityTimeSpecification><overallStartTime>2023-02-21T20:27:46.052+01:00</overallStartTime></validityTimeSpecification></validity><impact><numberOfLanesRestricted>0</numberOfLanesRestricted><originalNumberOfLanes>3</originalNumberOfLanes></impact><generalPublicComment><comment><values><value lang="fr">DIR Centre-Est/District Saint-Étienne/CEI Varizelle</value></values></comment><commentType>locationDescriptor</commentType></generalPublicComment><generalPublicComment><comment><values><value lang="fr">Point particulier : début : situé 517 m à l'ouest de Saint-Etienne - Le Cros, fin : situé 672 m à l'est de Villars-Ratarieux</value></values></comment><commentType>locationDescriptor</commentType></generalPublicComment><generalPublicComment><comment><values><value lang="fr">De Saint-Étienne vers Clermont-Ferrand</value></values></comment><commentType>locationDescriptor</commentType></generalPublicComment><groupOfLocations xsi:type="Linear"><tpegLinearLocation><tpegDirection>westBound</tpegDirection><tpegLinearLocationType>segment</tpegLinearLocationType><to xsi:type="TpegNonJunctionPoint"><pointCoordinates><latitude>45.47887</latitude><longitude>4.350722</longitude></pointCoordinates><name><descriptor><values><value lang="fr">Villars</value></values></descriptor><tpegOtherPointDescriptorType>townName</tpegOtherPointDescriptorType></name><name><descriptor><values><value lang="fr">A72</value></values></descriptor><tpegOtherPointDescriptorType>linkName</tpegOtherPointDescriptorType></name></to><from xsi:type="TpegNonJunctionPoint"><pointCoordinates><latitude>45.461388</latitude><longitude>4.402867</longitude></pointCoordinates><name><descriptor><values><value lang="fr">Saint-Étienne</value></values></descriptor><tpegOtherPointDescriptorType>townName</tpegOtherPointDescriptorType></name><name><descriptor><values><value lang="fr">A72</value></values></descriptor><tpegOtherPointDescriptorType>linkName</tpegOtherPointDescriptorType></name></from></tpegLinearLocation><alertCLinear xsi:type="AlertCMethod4Linear"><alertCLocationCountryCode>F</alertCLocationCountryCode><alertCLocationTableNumber>32</alertCLocationTableNumber><alertCLocationTableVersion>11.0</alertCLocationTableVersion><alertCDirection><alertCDirectionCoded>negative</alertCDirectionCoded></alertCDirection><alertCMethod4PrimaryPointLocation><alertCLocation><alertCLocationName><values><value lang="fr">Villars-Ratarieux</value></values></alertCLocationName><specificLocation>13073</specificLocation></alertCLocation><offsetDistance><offsetDistance>672</offsetDistance></offsetDistance></alertCMethod4PrimaryPointLocation><alertCMethod4SecondaryPointLocation><alertCLocation><alertCLocationName><values><value lang="fr">Saint-Etienne - Le Cros</value></values></alertCLocationName><specificLocation>13077</specificLocation></alertCLocation><offsetDistance><offsetDistance>517</offsetDistance></offsetDistance></alertCMethod4SecondaryPointLocation></alertCLinear><linearWithinLinearElement><directionRelativeOnLinearSection>aligned</directionRelativeOnLinearSection><linearElement><roadNumber>A0072</roadNumber></linearElement><fromPoint xsi:type="DistanceFromLinearElementReferent"><distanceAlong>0.0</distanceAlong><fromReferent><referentIdentifier>42PR9D</referentIdentifier><referentType>referenceMarker</referentType></fromReferent></fromPoint><toPoint xsi:type="DistanceFromLinearElementReferent"><distanceAlong>0.0</distanceAlong><fromReferent><referentIdentifier>42PR4D</referentIdentifier><referentType>referenceMarker</referentType></fromReferent></toPoint></linearWithinLinearElement></groupOfLocations><situationRecordExtension><situationRecordExtendedApproved><safetyRelatedMessage>false</safetyRelatedMessage></situationRecordExtendedApproved></situationRecordExtension><mobility><mobilityType>stationary</mobilityType></mobility><roadMaintenanceType>roadworks</roadMaintenanceType></situationRecord></situation></payloadPublication></d2LogicalModel></soap:Body></soap:Envelope>