<?xml version="1.0" encoding="UTF-8"?><soap:Envelope xmlns:soap="http://www.w3.org/2003/05/soap-envelope"><soap:Body><d2LogicalModel xmlns="http://datex2.eu/schema/2/2_0" modelBaseVersion="2"><exchange><supplierIdentification><country>fr</country><nationalIdentifier>Tipi</nationalIdentifier></supplierIdentification><subscription><operatingMode>operatingMode1</operatingMode><subscriptionStartTime>2024-03-09T22:06:57.615+01:00</subscriptionStartTime><subscriptionState>active</subscriptionState><updateMethod>allElementUpdate</updateMethod><target><address/><protocol/></target></subscription></exchange><payloadPublication xmlns:xsi="http://www.w3.org/2001/XMLSchema-instance" xsi:type="SituationPublication" lang="fr"><publicationTime>2024-03-09T22:06:57.615+01:00</publicationTime><publicationCreator><country>fr</country><nationalIdentifier>Tipi</nationalIdentifier></publicationCreator><situation id="240308-001439" version="5"><overallSeverity>medium</overallSeverity><situationVersionTime>2024-03-09T22:06:57.187+01:00</situationVersionTime><headerInformation><confidentiality>noRestriction</confidentiality><informationStatus>real</informationStatus></headerInformation><situationRecord xsi:type="WeatherRelatedRoadConditions" id="240308-001439-1" version="5"><situationRecordCreationTime>2024-03-08T15:53:46.208+01:00</situationRecordCreationTime><situationRecordObservationTime>2024-03-09T22:06:24.662+01:00</situationRecordObservationTime><situationRecordVersionTime>2024-03-09T22:06:57.187+01:00</situationRecordVersionTime><situationRecordFirstSupplierVersionTime>2024-03-08T15:53:46.208+01:00</situationRecordFirstSupplierVersionTime><probabilityOfOccurrence>certain</probabilityOfOccurrence><source><sourceIdentification>Direction interdépartementale des routes/DIR Massif-Central</sourceIdentification><sourceType>roadOperatorPatrol</sourceType><reliable>true</reliable></source><validity><validityStatus>definedByValidityTimeSpec</validityStatus><validityTimeSpecification><overallStartTime>2024-03-09T22:06:24.662+01:00</overallStartTime></validityTimeSpecification></validity><generalPublicComment><comment><values><value lang="fr">Traitement en cours</value></values></comment><commentType>internalNote</commentType></generalPublicComment><generalPublicComment><comment><values><value lang="fr">DIR Massif-Central/District Centre/CEI Langogne/PA Lanarce</value></values></comment><commentType>locationDescriptor</commentType></generalPublicComment><generalPublicComment><comment><values><value lang="fr">Point particulier : début : situé 15043 m à l'ouest de Pont-de-Labeaume, fin : situé 13111 m à l'est de Pradelles - La Pierre-Plantée</value></values></comment><commentType>locationDescriptor</commentType></generalPublicComment><groupOfLocations xsi:type="Linear"><tpegLinearLocation><tpegDirection>bothWays</tpegDirection><tpegLinearLocationType>segment</tpegLinearLocationType><to xsi:type="TpegNonJunctionPoint"><pointCoordinates><latitude>44.72939</latitude><longitude>4.005172</longitude></pointCoordinates><name><descriptor><values><value lang="fr">Lanarce</value></values></descriptor><tpegOtherPointDescriptorType>townName</tpegOtherPointDescriptorType></name><name><descriptor><values><value lang="fr">N102</value></values></descriptor><tpegOtherPointDescriptorType>linkName</tpegOtherPointDescriptorType></name></to><from xsi:type="TpegNonJunctionPoint"><pointCoordinates><latitude>44.665424</latitude><longitude>4.1138763</longitude></pointCoordinates><name><descriptor><values><value lang="fr">Mayres</value></values></descriptor><tpegOtherPointDescriptorType>townName</tpegOtherPointDescriptorType></name><name><descriptor><values><value lang="fr">N102</value></values></descriptor><tpegOtherPointDescriptorType>linkName</tpegOtherPointDescriptorType></name></from></tpegLinearLocation><alertCLinear xsi:type="AlertCMethod4Linear"><alertCLocationCountryCode>F</alertCLocationCountryCode><alertCLocationTableNumber>32</alertCLocationTableNumber><alertCLocationTableVersion>11.0</alertCLocationTableVersion><alertCDirection><alertCDirectionCoded>both</alertCDirectionCoded></alertCDirection><alertCMethod4PrimaryPointLocation><alertCLocation><alertCLocationName><values><value lang="fr">Pradelles - La Pierre-Plantée</value></values></alertCLocationName><specificLocation>32385</specificLocation></alertCLocation><offsetDistance><offsetDistance>13111</offsetDistance></offsetDistance></alertCMethod4PrimaryPointLocation><alertCMethod4SecondaryPointLocation><alertCLocation><alertCLocationName><values><value lang="fr">Pont-de-Labeaume</value></values></alertCLocationName><specificLocation>32382</specificLocation></alertCLocation><offsetDistance><offsetDistance>15043</offsetDistance></offsetDistance></alertCMethod4SecondaryPointLocation></alertCLinear><linearWithinLinearElement><directionRelativeOnLinearSection>both</directionRelativeOnLinearSection><linearElement><roadNumber>N0102</roadNumber></linearElement><fromPoint xsi:type="DistanceFromLinearElementReferent"><distanceAlong>799.0</distanceAlong><fromReferent><referentIdentifier>07PR84U</referentIdentifier><referentType>referenceMarker</referentType></fromReferent></fromPoint><toPoint xsi:type="DistanceFromLinearElementReferent"><distanceAlong>0.0</distanceAlong><fromReferent><referentIdentifier>07PR69U</referentIdentifier><referentType>referenceMarker</referentType></fromReferent></toPoint></linearWithinLinearElement></groupOfLocations><situationRecordExtension><situationRecordExtendedApproved><safetyRelatedMessage>true</safetyRelatedMessage></situationRecordExtendedApproved></situationRecordExtension><drivingConditionType>passableWithCare</drivingConditionType><weatherRelatedRoadConditionType>snowOnTheRoad</weatherRelatedRoadConditionType></situationRecord></situation></payloadPublication></d2LogicalModel></soap:Body></soap:Envelope>