<?xml version="1.0" encoding="UTF-8"?><soap:Envelope xmlns:soap="http://www.w3.org/2003/05/soap-envelope"><soap:Body><d2LogicalModel xmlns="http://datex2.eu/schema/2/2_0" modelBaseVersion="2"><exchange><supplierIdentification><country>fr</country><nationalIdentifier>Tipi</nationalIdentifier></supplierIdentification><subscription><operatingMode>operatingMode1</operatingMode><subscriptionStartTime>2024-06-12T05:25:20.174+02:00</subscriptionStartTime><subscriptionState>active</subscriptionState><updateMethod>allElementUpdate</updateMethod><target><address/><protocol/></target></subscription></exchange><payloadPublication xmlns:xsi="http://www.w3.org/2001/XMLSchema-instance" xsi:type="SituationPublication" lang="fr"><publicationTime>2024-06-12T05:25:20.174+02:00</publicationTime><publicationCreator><country>fr</country><nationalIdentifier>Tipi</nationalIdentifier></publicationCreator><situation id="240523-002222" version="42"><overallSeverity>medium</overallSeverity><situationVersionTime>2024-06-12T05:25:19.147+02:00</situationVersionTime><headerInformation><confidentiality>noRestriction</confidentiality><informationStatus>real</informationStatus></headerInformation><situationRecord xsi:type="GeneralNetworkManagement" id="240523-002222-120" version="5"><situationRecordCreationReference>EVE_DIRE_Myrabel240523-000047-EVE_DIRE_Myrabel240611-000068</situationRecordCreationReference><situationRecordCreationTime>2024-06-11T23:29:17.719+02:00</situationRecordCreationTime><situationRecordObservationTime>2024-06-11T23:29:23.207+02:00</situationRecordObservationTime><situationRecordVersionTime>2024-06-12T05:25:19.147+02:00</situationRecordVersionTime><situationRecordFirstSupplierVersionTime>2024-06-11T23:29:17.719+02:00</situationRecordFirstSupplierVersionTime><probabilityOfOccurrence>certain</probabilityOfOccurrence><source><sourceIdentification>Direction interdépartementale des routes/DIR Est</sourceIdentification><reliable>true</reliable></source><validity><validityStatus>definedByValidityTimeSpec</validityStatus><validityTimeSpecification><overallStartTime>2024-06-11T23:29:04.945+02:00</overallStartTime></validityTimeSpecification></validity><impact><numberOfLanesRestricted>0</numberOfLanesRestricted><originalNumberOfLanes>2</originalNumberOfLanes></impact><generalPublicComment><comment><values><value lang="fr">La mesure est obligatoire</value></values></comment><commentType>description</commentType></generalPublicComment><generalPublicComment><comment><values><value lang="fr">situé 5879 m au nord de Longwy</value></values></comment><commentType>locationDescriptor</commentType></generalPublicComment><generalPublicComment><comment><values><value lang="fr">Hors voie de circulation</value></values></comment><commentType>locationDescriptor</commentType></generalPublicComment><generalPublicComment><comment><values><value lang="fr">DIR Est/DE Metz/District Metz/CEI Villers-la-Chèvre</value></values></comment><commentType>locationDescriptor</commentType></generalPublicComment><generalPublicComment><comment><values><value lang="fr">sur bretelle d'entrée</value></values></comment><commentType>locationDescriptor</commentType></generalPublicComment><generalPublicComment><comment><values><value lang="fr">De Arlon - Belgique vers Metz</value></values></comment><commentType>locationDescriptor</commentType></generalPublicComment><groupOfLocations xsi:type="Point"><externalReferencing><externalLocationCode>54N905255_4D--0</externalLocationCode><externalReferencingSystem>TipiBretelle</externalReferencingSystem></externalReferencing><supplementaryPositionalDescription><affectedCarriagewayAndLanes><carriageway>entrySlipRoad</carriageway><lengthAffected>0.0</lengthAffected></affectedCarriagewayAndLanes></supplementaryPositionalDescription><tpegPointLocation xsi:type="TpegSimplePoint"><tpegDirection>southBound</tpegDirection><tpegSimplePointLocationType>nonLinkedPoint</tpegSimplePointLocationType><point xsi:type="TpegNonJunctionPoint"><pointCoordinates><latitude>49.54877</latitude><longitude>5.7978077</longitude></pointCoordinates><name><descriptor><values><value lang="fr">Mont-Saint-Martin</value></values></descriptor><tpegOtherPointDescriptorType>townName</tpegOtherPointDescriptorType></name><name><descriptor><values><value lang="fr">N52</value></values></descriptor><tpegOtherPointDescriptorType>linkName</tpegOtherPointDescriptorType></name></point></tpegPointLocation><alertCPoint xsi:type="AlertCMethod4Point"><alertCLocationCountryCode>F</alertCLocationCountryCode><alertCLocationTableNumber>32</alertCLocationTableNumber><alertCLocationTableVersion>11.0</alertCLocationTableVersion><alertCDirection><alertCDirectionCoded>negative</alertCDirectionCoded></alertCDirection><alertCMethod4PrimaryPointLocation><alertCLocation><alertCLocationName><values><value lang="fr">Longwy</value></values></alertCLocationName><specificLocation>43102</specificLocation></alertCLocation><offsetDistance><offsetDistance>5879</offsetDistance></offsetDistance></alertCMethod4PrimaryPointLocation></alertCPoint><pointAlongLinearElement><directionRelativeAtPoint>opposite</directionRelativeAtPoint><linearElement><roadName><values><value lang="fr">N52</value></values></roadName></linearElement><distanceAlongLinearElement xsi:type="DistanceFromLinearElementReferent"><distanceAlong>132.0</distanceAlong><fromReferent><referentIdentifier>54PR24G</referentIdentifier><referentType>referenceMarker</referentType></fromReferent></distanceAlongLinearElement></pointAlongLinearElement></groupOfLocations><situationRecordExtension><situationRecordExtendedApproved><safetyRelatedMessage>false</safetyRelatedMessage></situationRecordExtendedApproved></situationRecordExtension><complianceOption>mandatory</complianceOption><generalNetworkManagementType>other</generalNetworkManagementType></situationRecord><situationRecord xsi:type="RoadOrCarriagewayOrLaneManagement" id="240523-002222-121" version="4"><situationRecordCreationReference>EVE_DIRE_Myrabel240523-000047-EVE_DIRE_Myrabel240611-000069</situationRecordCreationReference><situationRecordCreationTime>2024-06-11T23:30:36.442+02:00</situationRecordCreationTime><situationRecordObservationTime>2024-06-11T23:33:00.122+02:00</situationRecordObservationTime><situationRecordVersionTime>2024-06-12T05:25:19.147+02:00</situationRecordVersionTime><situationRecordFirstSupplierVersionTime>2024-06-11T23:30:36.442+02:00</situationRecordFirstSupplierVersionTime><probabilityOfOccurrence>certain</probabilityOfOccurrence><source><sourceIdentification>Direction interdépartementale des routes/DIR Est</sourceIdentification><reliable>true</reliable></source><validity><validityStatus>definedByValidityTimeSpec</validityStatus><validityTimeSpecification><overallStartTime>2024-06-11T23:30:36.324+02:00</overallStartTime></validityTimeSpecification></validity><impact><numberOfLanesRestricted>2</numberOfLanesRestricted><originalNumberOfLanes>2</originalNumberOfLanes></impact><generalPublicComment><comment><values><value lang="fr">La mesure est obligatoire</value></values></comment><commentType>description</commentType></generalPublicComment><generalPublicComment><comment><values><value lang="fr">situé 4333 m au sud de Mont-Saint-Martin</value></values></comment><commentType>locationDescriptor</commentType></generalPublicComment><generalPublicComment><comment><values><value lang="fr">Hors voie de circulation</value></values></comment><commentType>locationDescriptor</commentType></generalPublicComment><generalPublicComment><comment><values><value lang="fr">DIR Est/DE Metz/District Metz/CEI Villers-la-Chèvre</value></values></comment><commentType>locationDescriptor</commentType></generalPublicComment><generalPublicComment><comment><values><value lang="fr">De Metz vers Arlon - Belgique</value></values></comment><commentType>locationDescriptor</commentType></generalPublicComment><groupOfLocations xsi:type="Point"><supplementaryPositionalDescription><affectedCarriagewayAndLanes><carriageway>mainCarriageway</carriageway><lane>allLanesCompleteCarriageway</lane><lane>centralReservation</lane><lane>hardShoulder</lane></affectedCarriagewayAndLanes></supplementaryPositionalDescription><tpegPointLocation xsi:type="TpegSimplePoint"><tpegDirection>northBound</tpegDirection><tpegSimplePointLocationType>nonLinkedPoint</tpegSimplePointLocationType><point xsi:type="TpegNonJunctionPoint"><pointCoordinates><latitude>49.53222</latitude><longitude>5.7573977</longitude></pointCoordinates><name><descriptor><values><value lang="fr">Longwy</value></values></descriptor><tpegOtherPointDescriptorType>townName</tpegOtherPointDescriptorType></name><name><descriptor><values><value lang="fr">N52</value></values></descriptor><tpegOtherPointDescriptorType>linkName</tpegOtherPointDescriptorType></name></point></tpegPointLocation><alertCPoint xsi:type="AlertCMethod4Point"><alertCLocationCountryCode>F</alertCLocationCountryCode><alertCLocationTableNumber>32</alertCLocationTableNumber><alertCLocationTableVersion>11.0</alertCLocationTableVersion><alertCDirection><alertCDirectionCoded>positive</alertCDirectionCoded></alertCDirection><alertCMethod4PrimaryPointLocation><alertCLocation><alertCLocationName><values><value lang="fr">Mont-Saint-Martin</value></values></alertCLocationName><specificLocation>43103</specificLocation></alertCLocation><offsetDistance><offsetDistance>4333</offsetDistance></offsetDistance></alertCMethod4PrimaryPointLocation></alertCPoint><pointAlongLinearElement><directionRelativeAtPoint>aligned</directionRelativeAtPoint><linearElement><roadNumber>N0052</roadNumber></linearElement><distanceAlongLinearElement xsi:type="DistanceFromLinearElementReferent"><distanceAlong>0.0</distanceAlong><fromReferent><referentIdentifier>54PR20D</referentIdentifier><referentType>referenceMarker</referentType></fromReferent></distanceAlongLinearElement></pointAlongLinearElement></groupOfLocations><situationRecordExtension><situationRecordExtendedApproved><safetyRelatedMessage>false</safetyRelatedMessage></situationRecordExtendedApproved></situationRecordExtension><complianceOption>mandatory</complianceOption><roadOrCarriagewayOrLaneManagementType>roadClosed</roadOrCarriagewayOrLaneManagementType></situationRecord><situationRecord xsi:type="GeneralNetworkManagement" id="240523-002222-118" version="6"><situationRecordCreationReference>EVE_DIRE_Myrabel240523-000047-EVE_DIRE_Myrabel240611-000067</situationRecordCreationReference><situationRecordCreationTime>2024-06-11T23:27:34.605+02:00</situationRecordCreationTime><situationRecordObservationTime>2024-06-11T23:36:51.151+02:00</situationRecordObservationTime><situationRecordVersionTime>2024-06-12T05:25:19.147+02:00</situationRecordVersionTime><situationRecordFirstSupplierVersionTime>2024-06-11T23:27:34.605+02:00</situationRecordFirstSupplierVersionTime><probabilityOfOccurrence>certain</probabilityOfOccurrence><source><sourceIdentification>Direction interdépartementale des routes/DIR Est</sourceIdentification><reliable>true</reliable></source><validity><validityStatus>definedByValidityTimeSpec</validityStatus><validityTimeSpecification><overallStartTime>2024-06-11T23:27:34.523+02:00</overallStartTime></validityTimeSpecification></validity><impact><numberOfLanesRestricted>0</numberOfLanesRestricted><originalNumberOfLanes>1</originalNumberOfLanes></impact><generalPublicComment><comment><values><value lang="fr">La mesure est obligatoire</value></values></comment><commentType>description</commentType></generalPublicComment><generalPublicComment><comment><values><value lang="fr">situé 4896 m au nord de Longwy</value></values></comment><commentType>locationDescriptor</commentType></generalPublicComment><generalPublicComment><comment><values><value lang="fr">Hors voie de circulation</value></values></comment><commentType>locationDescriptor</commentType></generalPublicComment><generalPublicComment><comment><values><value lang="fr">DIR Est/DE Metz/District Metz/CEI Villers-la-Chèvre</value></values></comment><commentType>locationDescriptor</commentType></generalPublicComment><generalPublicComment><comment><values><value lang="fr">sur bretelle d'entrée</value></values></comment><commentType>locationDescriptor</commentType></generalPublicComment><generalPublicComment><comment><values><value lang="fr">De Arlon - Belgique vers Metz</value></values></comment><commentType>locationDescriptor</commentType></generalPublicComment><groupOfLocations xsi:type="Point"><externalReferencing><externalLocationCode>54N905250_4D--0</externalLocationCode><externalReferencingSystem>TipiBretelle</externalReferencingSystem></externalReferencing><supplementaryPositionalDescription><affectedCarriagewayAndLanes><carriageway>entrySlipRoad</carriageway><lengthAffected>0.0</lengthAffected></affectedCarriagewayAndLanes></supplementaryPositionalDescription><tpegPointLocation xsi:type="TpegSimplePoint"><tpegDirection>southBound</tpegDirection><tpegSimplePointLocationType>nonLinkedPoint</tpegSimplePointLocationType><point xsi:type="TpegNonJunctionPoint"><pointCoordinates><latitude>49.551605</latitude><longitude>5.7857995</longitude></pointCoordinates><name><descriptor><values><value lang="fr">Mont-Saint-Martin</value></values></descriptor><tpegOtherPointDescriptorType>townName</tpegOtherPointDescriptorType></name><name><descriptor><values><value lang="fr">N52</value></values></descriptor><tpegOtherPointDescriptorType>linkName</tpegOtherPointDescriptorType></name></point></tpegPointLocation><alertCPoint xsi:type="AlertCMethod4Point"><alertCLocationCountryCode>F</alertCLocationCountryCode><alertCLocationTableNumber>32</alertCLocationTableNumber><alertCLocationTableVersion>11.0</alertCLocationTableVersion><alertCDirection><alertCDirectionCoded>negative</alertCDirectionCoded></alertCDirection><alertCMethod4PrimaryPointLocation><alertCLocation><alertCLocationName><values><value lang="fr">Longwy</value></values></alertCLocationName><specificLocation>43102</specificLocation></alertCLocation><offsetDistance><offsetDistance>4896</offsetDistance></offsetDistance></alertCMethod4PrimaryPointLocation></alertCPoint><pointAlongLinearElement><directionRelativeAtPoint>opposite</directionRelativeAtPoint><linearElement><roadName><values><value lang="fr">N52</value></values></roadName></linearElement><distanceAlongLinearElement xsi:type="DistanceFromLinearElementReferent"><distanceAlong>148.0</distanceAlong><fromReferent><referentIdentifier>54PR23U</referentIdentifier><referentType>referenceMarker</referentType></fromReferent></distanceAlongLinearElement></pointAlongLinearElement></groupOfLocations><situationRecordExtension><situationRecordExtendedApproved><safetyRelatedMessage>false</safetyRelatedMessage></situationRecordExtendedApproved></situationRecordExtension><complianceOption>mandatory</complianceOption><generalNetworkManagementType>other</generalNetworkManagementType></situationRecord><situationRecord xsi:type="RoadOrCarriagewayOrLaneManagement" id="240523-002222-122" version="3"><situationRecordCreationReference>EVE_DIRE_Myrabel240523-000047-EVE_DIRE_Myrabel240611-000070</situationRecordCreationReference><situationRecordCreationTime>2024-06-11T23:33:54.205+02:00</situationRecordCreationTime><situationRecordObservationTime>2024-06-12T05:25:05.451+02:00</situationRecordObservationTime><situationRecordVersionTime>2024-06-12T05:25:19.147+02:00</situationRecordVersionTime><situationRecordFirstSupplierVersionTime>2024-06-11T23:33:54.205+02:00</situationRecordFirstSupplierVersionTime><probabilityOfOccurrence>certain</probabilityOfOccurrence><source><sourceIdentification>Direction interdépartementale des routes/DIR Est</sourceIdentification><reliable>true</reliable></source><validity><validityStatus>definedByValidityTimeSpec</validityStatus><validityTimeSpecification><overallStartTime>2024-06-11T23:33:54.133+02:00</overallStartTime><overallEndTime>2024-06-12T05:25:04.391+02:00</overallEndTime></validityTimeSpecification></validity><impact><numberOfLanesRestricted>2</numberOfLanesRestricted><originalNumberOfLanes>2</originalNumberOfLanes></impact><generalPublicComment><comment><values><value lang="fr">La mesure est obligatoire</value></values></comment><commentType>description</commentType></generalPublicComment><generalPublicComment><comment><values><value lang="fr">situé 124 m au nord de Mont-Saint-Martin</value></values></comment><commentType>locationDescriptor</commentType></generalPublicComment><generalPublicComment><comment><values><value lang="fr">Hors voie de circulation</value></values></comment><commentType>locationDescriptor</commentType></generalPublicComment><generalPublicComment><comment><values><value lang="fr">DIR Est/DE Metz/District Metz/CEI Villers-la-Chèvre</value></values></comment><commentType>locationDescriptor</commentType></generalPublicComment><generalPublicComment><comment><values><value lang="fr">De Arlon - Belgique vers Metz</value></values></comment><commentType>locationDescriptor</commentType></generalPublicComment><groupOfLocations xsi:type="Point"><supplementaryPositionalDescription><affectedCarriagewayAndLanes><carriageway>mainCarriageway</carriageway><lane>allLanesCompleteCarriageway</lane><lane>centralReservation</lane><lane>hardShoulder</lane></affectedCarriagewayAndLanes></supplementaryPositionalDescription><tpegPointLocation xsi:type="TpegSimplePoint"><tpegDirection>southBound</tpegDirection><tpegSimplePointLocationType>nonLinkedPoint</tpegSimplePointLocationType><point xsi:type="TpegNonJunctionPoint"><pointCoordinates><latitude>49.5478</latitude><longitude>5.7990828</longitude></pointCoordinates><name><descriptor><values><value lang="fr">Mont-Saint-Martin</value></values></descriptor><tpegOtherPointDescriptorType>townName</tpegOtherPointDescriptorType></name><name><descriptor><values><value lang="fr">N52</value></values></descriptor><tpegOtherPointDescriptorType>linkName</tpegOtherPointDescriptorType></name></point></tpegPointLocation><alertCPoint xsi:type="AlertCMethod4Point"><alertCLocationCountryCode>F</alertCLocationCountryCode><alertCLocationTableNumber>32</alertCLocationTableNumber><alertCLocationTableVersion>11.0</alertCLocationTableVersion><alertCDirection><alertCDirectionCoded>negative</alertCDirectionCoded></alertCDirection><alertCMethod4PrimaryPointLocation><alertCLocation><alertCLocationName><values><value lang="fr">Mont-Saint-Martin</value></values></alertCLocationName><specificLocation>43103</specificLocation></alertCLocation><offsetDistance><offsetDistance>124</offsetDistance></offsetDistance></alertCMethod4PrimaryPointLocation></alertCPoint><pointAlongLinearElement><directionRelativeAtPoint>opposite</directionRelativeAtPoint><linearElement><roadNumber>N0052</roadNumber></linearElement><distanceAlongLinearElement xsi:type="DistanceFromLinearElementReferent"><distanceAlong>400.0</distanceAlong><fromReferent><referentIdentifier>54PR24G</referentIdentifier><referentType>referenceMarker</referentType></fromReferent></distanceAlongLinearElement></pointAlongLinearElement></groupOfLocations><management><lifeCycleManagement><end>true</end></lifeCycleManagement></management><situationRecordExtension><situationRecordExtendedApproved><safetyRelatedMessage>false</safetyRelatedMessage></situationRecordExtendedApproved></situationRecordExtension><complianceOption>mandatory</complianceOption><roadOrCarriagewayOrLaneManagementType>roadClosed</roadOrCarriagewayOrLaneManagementType></situationRecord><situationRecord xsi:type="MaintenanceWorks" id="240523-002222-104" version="38"><situationRecordCreationReference>EVE_DIRE_Myrabel240523-000047-EVE_DIRE_Myrabel240523-000060</situationRecordCreationReference><situationRecordCreationTime>2024-05-23T20:25:48.243+02:00</situationRecordCreationTime><situationRecordObservationTime>2024-06-11T23:26:16.141+02:00</situationRecordObservationTime><situationRecordVersionTime>2024-06-12T05:25:19.147+02:00</situationRecordVersionTime><situationRecordFirstSupplierVersionTime>2024-05-23T20:25:48.243+02:00</situationRecordFirstSupplierVersionTime><probabilityOfOccurrence>certain</probabilityOfOccurrence><source><sourceIdentification>Direction interdépartementale des routes/DIR Est</sourceIdentification><reliable>true</reliable></source><validity><validityStatus>definedByValidityTimeSpec</validityStatus><validityTimeSpecification><overallStartTime>2024-05-22T04:57:33.086+02:00</overallStartTime></validityTimeSpecification></validity><impact><numberOfLanesRestricted>1</numberOfLanesRestricted><originalNumberOfLanes>2</originalNumberOfLanes><trafficConstrictionType>lanesBlocked</trafficConstrictionType></impact><generalPublicComment><comment><values><value lang="fr">Point particulier : début : situé 2824 m au nord de Mexy, fin : situé 4333 m au sud de Mont-Saint-Martin</value></values></comment><commentType>locationDescriptor</commentType></generalPublicComment><generalPublicComment><comment><values><value lang="fr">DIR Est/DE Metz/District Metz/CEI Villers-la-Chèvre</value></values></comment><commentType>locationDescriptor</commentType></generalPublicComment><generalPublicComment><comment><values><value lang="fr">De Metz vers Arlon - Belgique</value></values></comment><commentType>locationDescriptor</commentType></generalPublicComment><groupOfLocations xsi:type="Linear"><supplementaryPositionalDescription><affectedCarriagewayAndLanes><carriageway>mainCarriageway</carriageway><lane>centralReservation</lane><lane>lane2</lane></affectedCarriagewayAndLanes></supplementaryPositionalDescription><tpegLinearLocation><tpegDirection>northBound</tpegDirection><tpegLinearLocationType>segment</tpegLinearLocationType><to xsi:type="TpegNonJunctionPoint"><pointCoordinates><latitude>49.53222</latitude><longitude>5.7573977</longitude></pointCoordinates><name><descriptor><values><value lang="fr">Longwy</value></values></descriptor><tpegOtherPointDescriptorType>townName</tpegOtherPointDescriptorType></name><name><descriptor><values><value lang="fr">N52</value></values></descriptor><tpegOtherPointDescriptorType>linkName</tpegOtherPointDescriptorType></name></to><from xsi:type="TpegNonJunctionPoint"><pointCoordinates><latitude>49.50851</latitude><longitude>5.7519875</longitude></pointCoordinates><name><descriptor><values><value lang="fr">Réhon</value></values></descriptor><tpegOtherPointDescriptorType>townName</tpegOtherPointDescriptorType></name><name><descriptor><values><value lang="fr">N52</value></values></descriptor><tpegOtherPointDescriptorType>linkName</tpegOtherPointDescriptorType></name></from></tpegLinearLocation><alertCLinear xsi:type="AlertCMethod4Linear"><alertCLocationCountryCode>F</alertCLocationCountryCode><alertCLocationTableNumber>32</alertCLocationTableNumber><alertCLocationTableVersion>11.0</alertCLocationTableVersion><alertCDirection><alertCDirectionCoded>positive</alertCDirectionCoded></alertCDirection><alertCMethod4PrimaryPointLocation><alertCLocation><alertCLocationName><values><value lang="fr">Mont-Saint-Martin</value></values></alertCLocationName><specificLocation>43103</specificLocation></alertCLocation><offsetDistance><offsetDistance>4333</offsetDistance></offsetDistance></alertCMethod4PrimaryPointLocation><alertCMethod4SecondaryPointLocation><alertCLocation><alertCLocationName><values><value lang="fr">Mexy</value></values></alertCLocationName><specificLocation>44545</specificLocation></alertCLocation><offsetDistance><offsetDistance>2824</offsetDistance></offsetDistance></alertCMethod4SecondaryPointLocation></alertCLinear><linearWithinLinearElement><directionRelativeOnLinearSection>aligned</directionRelativeOnLinearSection><linearElement><roadNumber>N0052</roadNumber></linearElement><fromPoint xsi:type="DistanceFromLinearElementReferent"><distanceAlong>0.0</distanceAlong><fromReferent><referentIdentifier>54PR20D</referentIdentifier><referentType>referenceMarker</referentType></fromReferent></fromPoint><toPoint xsi:type="DistanceFromLinearElementReferent"><distanceAlong>200.0</distanceAlong><fromReferent><referentIdentifier>54PR17U</referentIdentifier><referentType>referenceMarker</referentType></fromReferent></toPoint></linearWithinLinearElement></groupOfLocations><situationRecordExtension><situationRecordExtendedApproved><safetyRelatedMessage>false</safetyRelatedMessage></situationRecordExtendedApproved></situationRecordExtension><mobility><mobilityType>stationary</mobilityType></mobility><subjects><subjectTypeOfWorks>road</subjectTypeOfWorks></subjects><roadMaintenanceType>repairWork</roadMaintenanceType></situationRecord><situationRecord xsi:type="MaintenanceWorks" id="240523-002222-123" version="1"><situationRecordCreationReference>EVE_DIRE_Myrabel240523-000047-EVE_DIRE_Myrabel240524-000004</situationRecordCreationReference><situationRecordCreationTime>2024-05-24T04:49:44.314+02:00</situationRecordCreationTime><situationRecordObservationTime>2024-05-28T06:31:14.932+02:00</situationRecordObservationTime><situationRecordVersionTime>2024-06-12T05:25:19.147+02:00</situationRecordVersionTime><situationRecordFirstSupplierVersionTime>2024-05-24T04:49:44.314+02:00</situationRecordFirstSupplierVersionTime><probabilityOfOccurrence>certain</probabilityOfOccurrence><source><sourceIdentification>Direction interdépartementale des routes/DIR Est</sourceIdentification><reliable>true</reliable></source><validity><validityStatus>definedByValidityTimeSpec</validityStatus><validityTimeSpecification><overallStartTime>2024-05-22T05:01:40.537+02:00</overallStartTime></validityTimeSpecification></validity><impact><numberOfLanesRestricted>1</numberOfLanesRestricted><originalNumberOfLanes>2</originalNumberOfLanes><trafficConstrictionType>lanesBlocked</trafficConstrictionType></impact><generalPublicComment><comment><values><value lang="fr">Point particulier : début : situé 1749 m au sud de Mont-Saint-Martin, fin : situé 2904 m au nord de Longwy</value></values></comment><commentType>locationDescriptor</commentType></generalPublicComment><generalPublicComment><comment><values><value lang="fr">Hors voie de circulation</value></values></comment><commentType>locationDescriptor</commentType></generalPublicComment><generalPublicComment><comment><values><value lang="fr">DIR Est/DE Metz/District Metz/CEI Villers-la-Chèvre</value></values></comment><commentType>locationDescriptor</commentType></generalPublicComment><generalPublicComment><comment><values><value lang="fr">De Arlon - Belgique vers Metz</value></values></comment><commentType>locationDescriptor</commentType></generalPublicComment><groupOfLocations xsi:type="Linear"><supplementaryPositionalDescription><affectedCarriagewayAndLanes><carriageway>mainCarriageway</carriageway><lane>hardShoulder</lane><lane>lane1</lane></affectedCarriagewayAndLanes></supplementaryPositionalDescription><tpegLinearLocation><tpegDirection>southBound</tpegDirection><tpegLinearLocationType>segment</tpegLinearLocationType><to xsi:type="TpegNonJunctionPoint"><pointCoordinates><latitude>49.5422</latitude><longitude>5.7603283</longitude></pointCoordinates><name><descriptor><values><value lang="fr">Mont-Saint-Martin</value></values></descriptor><tpegOtherPointDescriptorType>townName</tpegOtherPointDescriptorType></name><name><descriptor><values><value lang="fr">N52</value></values></descriptor><tpegOtherPointDescriptorType>linkName</tpegOtherPointDescriptorType></name></to><from xsi:type="TpegNonJunctionPoint"><pointCoordinates><latitude>49.54974</latitude><longitude>5.7742786</longitude></pointCoordinates><name><descriptor><values><value lang="fr">Mont-Saint-Martin</value></values></descriptor><tpegOtherPointDescriptorType>townName</tpegOtherPointDescriptorType></name><name><descriptor><values><value lang="fr">N52</value></values></descriptor><tpegOtherPointDescriptorType>linkName</tpegOtherPointDescriptorType></name></from></tpegLinearLocation><alertCLinear xsi:type="AlertCMethod4Linear"><alertCLocationCountryCode>F</alertCLocationCountryCode><alertCLocationTableNumber>32</alertCLocationTableNumber><alertCLocationTableVersion>11.0</alertCLocationTableVersion><alertCDirection><alertCDirectionCoded>negative</alertCDirectionCoded></alertCDirection><alertCMethod4PrimaryPointLocation><alertCLocation><alertCLocationName><values><value lang="fr">Longwy</value></values></alertCLocationName><specificLocation>43102</specificLocation></alertCLocation><offsetDistance><offsetDistance>2904</offsetDistance></offsetDistance></alertCMethod4PrimaryPointLocation><alertCMethod4SecondaryPointLocation><alertCLocation><alertCLocationName><values><value lang="fr">Mont-Saint-Martin</value></values></alertCLocationName><specificLocation>43103</specificLocation></alertCLocation><offsetDistance><offsetDistance>1749</offsetDistance></offsetDistance></alertCMethod4SecondaryPointLocation></alertCLinear><linearWithinLinearElement><directionRelativeOnLinearSection>opposite</directionRelativeOnLinearSection><linearElement><roadNumber>N0052</roadNumber></linearElement><fromPoint xsi:type="DistanceFromLinearElementReferent"><distanceAlong>200.0</distanceAlong><fromReferent><referentIdentifier>54PR21U</referentIdentifier><referentType>referenceMarker</referentType></fromReferent></fromPoint><toPoint xsi:type="DistanceFromLinearElementReferent"><distanceAlong>540.0</distanceAlong><fromReferent><referentIdentifier>54PR22U</referentIdentifier><referentType>referenceMarker</referentType></fromReferent></toPoint></linearWithinLinearElement></groupOfLocations><situationRecordExtension><situationRecordExtendedApproved><safetyRelatedMessage>false</safetyRelatedMessage></situationRecordExtendedApproved></situationRecordExtension><mobility><mobilityType>stationary</mobilityType></mobility><subjects><subjectTypeOfWorks>road</subjectTypeOfWorks></subjects><roadMaintenanceType>repairWork</roadMaintenanceType></situationRecord></situation></payloadPublication></d2LogicalModel></soap:Body></soap:Envelope>