<?xml version="1.0" encoding="UTF-8"?><soap:Envelope xmlns:soap="http://www.w3.org/2003/05/soap-envelope"><soap:Body><d2LogicalModel xmlns="http://datex2.eu/schema/2/2_0" modelBaseVersion="2"><exchange><supplierIdentification><country>fr</country><nationalIdentifier>Tipi</nationalIdentifier></supplierIdentification><subscription><operatingMode>operatingMode1</operatingMode><subscriptionStartTime>2023-10-27T18:57:47.364+02:00</subscriptionStartTime><subscriptionState>active</subscriptionState><updateMethod>allElementUpdate</updateMethod><target><address/><protocol/></target></subscription></exchange><payloadPublication xmlns:xsi="http://www.w3.org/2001/XMLSchema-instance" xsi:type="SituationPublication" lang="fr"><publicationTime>2023-10-27T18:57:47.364+02:00</publicationTime><publicationCreator><country>fr</country><nationalIdentifier>Tipi</nationalIdentifier></publicationCreator><situation id="231027-001825" version="2"><overallSeverity>low</overallSeverity><situationVersionTime>2023-10-27T18:57:47.028+02:00</situationVersionTime><headerInformation><confidentiality>noRestriction</confidentiality><informationStatus>real</informationStatus></headerInformation><situationRecord xsi:type="AbnormalTraffic" id="231027-001825-1" version="2"><situationRecordCreationReference>EVE_DIRCE231027-000118-EVE_DIRCE231027-000131</situationRecordCreationReference><situationRecordCreationTime>2023-10-27T16:41:53.313+02:00</situationRecordCreationTime><situationRecordObservationTime>2023-10-27T18:57:40.480+02:00</situationRecordObservationTime><situationRecordVersionTime>2023-10-27T18:57:47.028+02:00</situationRecordVersionTime><situationRecordFirstSupplierVersionTime>2023-10-27T16:41:53.313+02:00</situationRecordFirstSupplierVersionTime><probabilityOfOccurrence>certain</probabilityOfOccurrence><source><sourceIdentification>Direction interdépartementale des routes/DIR Centre-Est</sourceIdentification><reliable>true</reliable></source><validity><validityStatus>definedByValidityTimeSpec</validityStatus><validityTimeSpecification><overallStartTime>2023-10-27T16:41:53.248+02:00</overallStartTime><overallEndTime>2023-10-27T18:57:40.460+02:00</overallEndTime></validityTimeSpecification></validity><impact><numberOfLanesRestricted>0</numberOfLanesRestricted><originalNumberOfLanes>3</originalNumberOfLanes></impact><generalPublicComment><comment><values><value lang="fr">DIR Centre-Est</value></values></comment><commentType>locationDescriptor</commentType></generalPublicComment><generalPublicComment><comment><values><value lang="fr">sur bretelle de sortie</value></values></comment><commentType>locationDescriptor</commentType></generalPublicComment><groupOfLocations xsi:type="Point"><externalReferencing><externalLocationCode>ID--0</externalLocationCode><externalReferencingSystem>TipiBretelle</externalReferencingSystem></externalReferencing><supplementaryPositionalDescription><locationDescriptor>onConnector</locationDescriptor><affectedCarriagewayAndLanes><carriageway>exitSlipRoad</carriageway><lengthAffected>0.0</lengthAffected></affectedCarriagewayAndLanes></supplementaryPositionalDescription><tpegPointLocation xsi:type="TpegSimplePoint"><tpegDirection>southBound</tpegDirection><tpegSimplePointLocationType>nonLinkedPoint</tpegSimplePointLocationType><point xsi:type="TpegNonJunctionPoint"><pointCoordinates><latitude>45.519802</latitude><longitude>4.2951074</longitude></pointCoordinates><name><descriptor><values><value lang="fr">La Fouillouse</value></values></descriptor><tpegOtherPointDescriptorType>townName</tpegOtherPointDescriptorType></name><name><descriptor><values><value lang="fr">A72</value></values></descriptor><tpegOtherPointDescriptorType>linkName</tpegOtherPointDescriptorType></name></point></tpegPointLocation></groupOfLocations><management><lifeCycleManagement><end>true</end></lifeCycleManagement></management><situationRecordExtension><situationRecordExtendedApproved><safetyRelatedMessage>false</safetyRelatedMessage></situationRecordExtendedApproved></situationRecordExtension><abnormalTrafficType>queuingTraffic</abnormalTrafficType></situationRecord></situation></payloadPublication></d2LogicalModel></soap:Body></soap:Envelope>