<?xml version="1.0" encoding="UTF-8"?><soap:Envelope xmlns:soap="http://www.w3.org/2003/05/soap-envelope"><soap:Body><d2LogicalModel xmlns="http://datex2.eu/schema/2/2_0" modelBaseVersion="2"><exchange><supplierIdentification><country>fr</country><nationalIdentifier>Tipi</nationalIdentifier></supplierIdentification><subscription><operatingMode>operatingMode1</operatingMode><subscriptionStartTime>2025-02-26T07:30:07.808+01:00</subscriptionStartTime><subscriptionState>active</subscriptionState><updateMethod>allElementUpdate</updateMethod><target><address/><protocol/></target></subscription></exchange><payloadPublication xmlns:xsi="http://www.w3.org/2001/XMLSchema-instance" xsi:type="SituationPublication" lang="fr"><publicationTime>2025-02-26T07:30:07.808+01:00</publicationTime><publicationCreator><country>fr</country><nationalIdentifier>Tipi</nationalIdentifier></publicationCreator><situation id="250225-002659" version="5"><overallSeverity>medium</overallSeverity><situationVersionTime>2025-02-26T07:30:07.457+01:00</situationVersionTime><headerInformation><confidentiality>noRestriction</confidentiality><informationStatus>real</informationStatus></headerInformation><situationRecord xsi:type="WeatherRelatedRoadConditions" id="250225-002659-1" version="5"><situationRecordCreationTime>2025-02-25T23:00:06.456+01:00</situationRecordCreationTime><situationRecordObservationTime>2025-02-26T07:30:02.419+01:00</situationRecordObservationTime><situationRecordVersionTime>2025-02-26T07:30:07.457+01:00</situationRecordVersionTime><situationRecordFirstSupplierVersionTime>2025-02-25T23:00:06.456+01:00</situationRecordFirstSupplierVersionTime><probabilityOfOccurrence>certain</probabilityOfOccurrence><source><sourceIdentification>Direction interdépartementale des routes/DIR Est</sourceIdentification><sourceType>roadOperatorPatrol</sourceType><reliable>true</reliable></source><validity><validityStatus>definedByValidityTimeSpec</validityStatus><validityTimeSpecification><overallStartTime>2025-02-26T07:30:02.419+01:00</overallStartTime></validityTimeSpecification></validity><generalPublicComment><comment><values><value lang="fr">Traitement en cours</value></values></comment><commentType>internalNote</commentType></generalPublicComment><generalPublicComment><comment><values><value lang="fr">Point particulier : début : situé 20758 m au sud de Champagnole, fin : situé 8995 m au nord de Les Rousses</value></values></comment><commentType>locationDescriptor</commentType></generalPublicComment><generalPublicComment><comment><values><value lang="fr">DIR Est/Service régional d’exploitation et d’ingéniérie (SREI)/District Besançon/CEI Saint-Laurent</value></values></comment><commentType>locationDescriptor</commentType></generalPublicComment><groupOfLocations xsi:type="Linear"><tpegLinearLocation><tpegDirection>bothWays</tpegDirection><tpegLinearLocationType>segment</tpegLinearLocationType><to xsi:type="TpegNonJunctionPoint"><pointCoordinates><latitude>46.527515</latitude><longitude>6.0228987</longitude></pointCoordinates><name><descriptor><values><value lang="fr">Morez</value></values></descriptor><tpegOtherPointDescriptorType>townName</tpegOtherPointDescriptorType></name><name><descriptor><values><value lang="fr">N5</value></values></descriptor><tpegOtherPointDescriptorType>linkName</tpegOtherPointDescriptorType></name></to><from xsi:type="TpegNonJunctionPoint"><pointCoordinates><latitude>46.581013</latitude><longitude>5.959571</longitude></pointCoordinates><name><descriptor><values><value lang="fr">Saint-Laurent-en-Grandvaux</value></values></descriptor><tpegOtherPointDescriptorType>townName</tpegOtherPointDescriptorType></name><name><descriptor><values><value lang="fr">N5</value></values></descriptor><tpegOtherPointDescriptorType>linkName</tpegOtherPointDescriptorType></name></from></tpegLinearLocation><alertCLinear xsi:type="AlertCMethod4Linear"><alertCLocationCountryCode>F</alertCLocationCountryCode><alertCLocationTableNumber>32</alertCLocationTableNumber><alertCLocationTableVersion>11.0</alertCLocationTableVersion><alertCDirection><alertCDirectionCoded>both</alertCDirectionCoded></alertCDirection><alertCMethod4PrimaryPointLocation><alertCLocation><alertCLocationName><values><value lang="fr">Les Rousses</value></values></alertCLocationName><specificLocation>44496</specificLocation></alertCLocation><offsetDistance><offsetDistance>8995</offsetDistance></offsetDistance></alertCMethod4PrimaryPointLocation><alertCMethod4SecondaryPointLocation><alertCLocation><alertCLocationName><values><value lang="fr">Champagnole</value></values></alertCLocationName><specificLocation>42682</specificLocation></alertCLocation><offsetDistance><offsetDistance>20758</offsetDistance></offsetDistance></alertCMethod4SecondaryPointLocation></alertCLinear><linearWithinLinearElement><directionRelativeOnLinearSection>both</directionRelativeOnLinearSection><linearElement><roadNumber>N0005</roadNumber></linearElement><fromPoint xsi:type="DistanceFromLinearElementReferent"><distanceAlong>0.0</distanceAlong><fromReferent><referentIdentifier>39PR101U</referentIdentifier><referentType>referenceMarker</referentType></fromReferent></fromPoint><toPoint xsi:type="DistanceFromLinearElementReferent"><distanceAlong>0.0</distanceAlong><fromReferent><referentIdentifier>39PR90U</referentIdentifier><referentType>referenceMarker</referentType></fromReferent></toPoint></linearWithinLinearElement></groupOfLocations><situationRecordExtension><situationRecordExtendedApproved><safetyRelatedMessage>true</safetyRelatedMessage></situationRecordExtendedApproved></situationRecordExtension><drivingConditionType>passableWithCare</drivingConditionType><weatherRelatedRoadConditionType>snowOnTheRoad</weatherRelatedRoadConditionType></situationRecord></situation></payloadPublication></d2LogicalModel></soap:Body></soap:Envelope>