<?xml version="1.0" encoding="UTF-8"?><soap:Envelope xmlns:soap="http://www.w3.org/2003/05/soap-envelope"><soap:Body><d2LogicalModel xmlns="http://datex2.eu/schema/2/2_0" modelBaseVersion="2"><exchange><supplierIdentification><country>fr</country><nationalIdentifier>Tipi</nationalIdentifier></supplierIdentification><subscription><operatingMode>operatingMode1</operatingMode><subscriptionStartTime>2022-10-21T09:58:20.878+02:00</subscriptionStartTime><subscriptionState>active</subscriptionState><updateMethod>allElementUpdate</updateMethod><target><address/><protocol/></target></subscription></exchange><payloadPublication xmlns:xsi="http://www.w3.org/2001/XMLSchema-instance" xsi:type="SituationPublication" lang="fr"><publicationTime>2022-10-21T09:58:20.878+02:00</publicationTime><publicationCreator><country>fr</country><nationalIdentifier>Tipi</nationalIdentifier></publicationCreator><situation id="221018-001471" version="2"><overallSeverity>high</overallSeverity><situationVersionTime>2022-10-21T09:58:19.408+02:00</situationVersionTime><headerInformation><confidentiality>noRestriction</confidentiality><informationStatus>real</informationStatus></headerInformation><situationRecord xsi:type="MaintenanceWorks" id="221018-001471-1" version="2"><situationRecordCreationTime>2022-10-18T16:11:55.069+02:00</situationRecordCreationTime><situationRecordObservationTime>2022-10-21T09:52:05.405+02:00</situationRecordObservationTime><situationRecordVersionTime>2022-10-21T09:58:19.408+02:00</situationRecordVersionTime><situationRecordFirstSupplierVersionTime>2022-10-18T16:11:55.069+02:00</situationRecordFirstSupplierVersionTime><probabilityOfOccurrence>probable</probabilityOfOccurrence><source><sourceIdentification>Direction interdépartementale des routes/DIR Atlantique</sourceIdentification><sourceName><values><value lang="fr">CEI de Villenave-d'Ornon</value></values></sourceName><reliable>true</reliable></source><validity><validityStatus>definedByValidityTimeSpec</validityStatus><validityTimeSpecification><overallStartTime>2022-10-26T21:00:00.000+02:00</overallStartTime><overallEndTime>2022-10-27T06:00:00.000+02:00</overallEndTime><validPeriod><periodName><values><value lang="FR">Uniquement de nuit</value></values></periodName></validPeriod></validityTimeSpecification></validity><impact><trafficConstrictionType>carriagewayBlocked</trafficConstrictionType></impact><generalPublicComment><comment><values><value lang="fr">DIR Atlantique/District de Gironde/CEI de Villenave-d'Ornon</value></values></comment><commentType>locationDescriptor</commentType></generalPublicComment><generalPublicComment><comment><values><value lang="fr">Rocade intérieure fermée entre les échangeurs 22 (Latresne - Floirac) et 20 (Bègles - Tartifume)</value></values></comment><commentType>description</commentType></generalPublicComment><generalPublicComment><comment><values><value lang="fr">Point particulier : début : situé 59 m au sud de Floirac-la-Souys - La Tresne, fin : situé 225 m au nord de 14355</value></values></comment><commentType>locationDescriptor</commentType></generalPublicComment><groupOfLocations xsi:type="Linear"><supplementaryPositionalDescription><locationDescriptor>onConnector</locationDescriptor><locationDescriptor>onConnector</locationDescriptor></supplementaryPositionalDescription><tpegLinearLocation><tpegDirection>innerRing</tpegDirection><tpegLinearLocationType>segment</tpegLinearLocationType><to xsi:type="TpegNonJunctionPoint"><pointCoordinates><latitude>44.803535</latitude><longitude>-0.5327955</longitude></pointCoordinates><name><descriptor><values><value lang="fr">Bègles</value></values></descriptor><tpegOtherPointDescriptorType>townName</tpegOtherPointDescriptorType></name><name><descriptor><values><value lang="fr">N230</value></values></descriptor><tpegOtherPointDescriptorType>linkName</tpegOtherPointDescriptorType></name></to><from xsi:type="TpegNonJunctionPoint"><pointCoordinates><latitude>44.81169</latitude><longitude>-0.5219886</longitude></pointCoordinates><name><descriptor><values><value lang="fr">Bouliac</value></values></descriptor><tpegOtherPointDescriptorType>townName</tpegOtherPointDescriptorType></name><name><descriptor><values><value lang="fr">N230</value></values></descriptor><tpegOtherPointDescriptorType>linkName</tpegOtherPointDescriptorType></name></from></tpegLinearLocation><alertCLinear xsi:type="AlertCMethod4Linear"><alertCLocationCountryCode>F</alertCLocationCountryCode><alertCLocationTableNumber>32</alertCLocationTableNumber><alertCLocationTableVersion>11.0</alertCLocationTableVersion><alertCDirection><alertCDirectionCoded>positive</alertCDirectionCoded></alertCDirection><alertCMethod4PrimaryPointLocation><alertCLocation><alertCLocationName><values><value lang="fr"/></values></alertCLocationName><specificLocation>14355</specificLocation></alertCLocation><offsetDistance><offsetDistance>225</offsetDistance></offsetDistance></alertCMethod4PrimaryPointLocation><alertCMethod4SecondaryPointLocation><alertCLocation><alertCLocationName><values><value lang="fr">Floirac-la-Souys - La Tresne</value></values></alertCLocationName><specificLocation>14356</specificLocation></alertCLocation><offsetDistance><offsetDistance>59</offsetDistance></offsetDistance></alertCMethod4SecondaryPointLocation></alertCLinear><linearWithinLinearElement><directionRelativeOnLinearSection>opposite</directionRelativeOnLinearSection><linearElement><roadNumber>N0230</roadNumber></linearElement><fromPoint xsi:type="DistanceFromLinearElementReferent"><distanceAlong>0.0</distanceAlong><fromReferent><referentIdentifier>33PR34G</referentIdentifier><referentType>referenceMarker</referentType></fromReferent></fromPoint><toPoint xsi:type="DistanceFromLinearElementReferent"><distanceAlong>246.0</distanceAlong><fromReferent><referentIdentifier>33PR35G</referentIdentifier><referentType>referenceMarker</referentType></fromReferent></toPoint></linearWithinLinearElement></groupOfLocations><situationRecordExtension><situationRecordExtendedApproved><safetyRelatedMessage>false</safetyRelatedMessage></situationRecordExtendedApproved></situationRecordExtension><roadworksScale>major</roadworksScale><mobility><mobilityType>stationary</mobilityType></mobility><roadMaintenanceType>maintenanceWork</roadMaintenanceType></situationRecord><situationRecord xsi:type="RoadOrCarriagewayOrLaneManagement" id="221018-001471-2" version="2"><situationRecordCreationTime>2022-10-18T16:11:55.069+02:00</situationRecordCreationTime><situationRecordObservationTime>2022-10-21T09:52:05.405+02:00</situationRecordObservationTime><situationRecordVersionTime>2022-10-21T09:58:19.408+02:00</situationRecordVersionTime><situationRecordFirstSupplierVersionTime>2022-10-18T16:11:55.069+02:00</situationRecordFirstSupplierVersionTime><probabilityOfOccurrence>probable</probabilityOfOccurrence><source><sourceIdentification>Direction interdépartementale des routes/DIR Atlantique</sourceIdentification><sourceName><values><value lang="fr">CEI de Villenave-d'Ornon</value></values></sourceName><reliable>true</reliable></source><validity><validityStatus>definedByValidityTimeSpec</validityStatus><validityTimeSpecification><overallStartTime>2022-10-26T21:00:00.000+02:00</overallStartTime><overallEndTime>2022-10-27T06:00:00.000+02:00</overallEndTime><validPeriod><periodName><values><value lang="FR">Uniquement de nuit</value></values></periodName></validPeriod></validityTimeSpecification></validity><impact><numberOfLanesRestricted>1</numberOfLanesRestricted></impact><generalPublicComment><comment><values><value lang="fr">DIR Atlantique/District de Gironde/CEI de Villenave-d'Ornon</value></values></comment><commentType>locationDescriptor</commentType></generalPublicComment><generalPublicComment><comment><values><value lang="fr">Point particulier : début : situé 0 m au sud de Bordeaux centre, fin : situé 2481 m au nord de Toulouse</value></values></comment><commentType>locationDescriptor</commentType></generalPublicComment><groupOfLocations xsi:type="Linear"><supplementaryPositionalDescription><locationDescriptor>onConnector</locationDescriptor><locationDescriptor>onConnector</locationDescriptor></supplementaryPositionalDescription><tpegLinearLocation><tpegDirection>innerRing</tpegDirection><tpegLinearLocationType>segment</tpegLinearLocationType><to xsi:type="TpegNonJunctionPoint"><pointCoordinates><latitude>44.793797</latitude><longitude>-0.5397473</longitude></pointCoordinates><name><descriptor><values><value lang="fr">Bègles</value></values></descriptor><tpegOtherPointDescriptorType>townName</tpegOtherPointDescriptorType></name><name><descriptor><values><value lang="fr">A630</value></values></descriptor><tpegOtherPointDescriptorType>linkName</tpegOtherPointDescriptorType></name></to><from xsi:type="TpegNonJunctionPoint"><pointCoordinates><latitude>44.80351</latitude><longitude>-0.5328107</longitude></pointCoordinates><name><descriptor><values><value lang="fr">Bègles</value></values></descriptor><tpegOtherPointDescriptorType>townName</tpegOtherPointDescriptorType></name><name><descriptor><values><value lang="fr">A630</value></values></descriptor><tpegOtherPointDescriptorType>linkName</tpegOtherPointDescriptorType></name></from></tpegLinearLocation><alertCLinear xsi:type="AlertCMethod4Linear"><alertCLocationCountryCode>F</alertCLocationCountryCode><alertCLocationTableNumber>32</alertCLocationTableNumber><alertCLocationTableVersion>11.0</alertCLocationTableVersion><alertCDirection><alertCDirectionCoded>positive</alertCDirectionCoded></alertCDirection><alertCMethod4PrimaryPointLocation><alertCLocation><alertCLocationName><values><value lang="fr">Toulouse</value></values></alertCLocationName><specificLocation>13426</specificLocation></alertCLocation><offsetDistance><offsetDistance>2481</offsetDistance></offsetDistance></alertCMethod4PrimaryPointLocation><alertCMethod4SecondaryPointLocation><alertCLocation><alertCLocationName><values><value lang="fr">Bordeaux centre</value></values></alertCLocationName><specificLocation>13429</specificLocation></alertCLocation><offsetDistance><offsetDistance>0</offsetDistance></offsetDistance></alertCMethod4SecondaryPointLocation></alertCLinear><linearWithinLinearElement><directionRelativeOnLinearSection>opposite</directionRelativeOnLinearSection><linearElement><roadNumber>A0630</roadNumber></linearElement><fromPoint xsi:type="DistanceFromLinearElementReferent"><distanceAlong>0.0</distanceAlong><fromReferent><referentIdentifier>33PR33G</referentIdentifier><referentType>referenceMarker</referentType></fromReferent></fromPoint><toPoint xsi:type="DistanceFromLinearElementReferent"><distanceAlong>1216.0</distanceAlong><fromReferent><referentIdentifier>33PR33G</referentIdentifier><referentType>referenceMarker</referentType></fromReferent></toPoint></linearWithinLinearElement></groupOfLocations><situationRecordExtension><situationRecordExtendedApproved><safetyRelatedMessage>false</safetyRelatedMessage></situationRecordExtendedApproved></situationRecordExtension><complianceOption>mandatory</complianceOption><roadOrCarriagewayOrLaneManagementType>roadClosed</roadOrCarriagewayOrLaneManagementType></situationRecord><situationRecord xsi:type="ReroutingManagement" id="221018-001471-3" version="2"><situationRecordCreationTime>2022-10-18T16:11:55.069+02:00</situationRecordCreationTime><situationRecordObservationTime>2022-10-21T09:52:05.405+02:00</situationRecordObservationTime><situationRecordVersionTime>2022-10-21T09:58:19.408+02:00</situationRecordVersionTime><situationRecordFirstSupplierVersionTime>2022-10-18T16:11:55.069+02:00</situationRecordFirstSupplierVersionTime><probabilityOfOccurrence>probable</probabilityOfOccurrence><source><sourceIdentification>Direction interdépartementale des routes/DIR Atlantique</sourceIdentification><sourceName><values><value lang="fr">CEI de Villenave-d'Ornon</value></values></sourceName><reliable>true</reliable></source><validity><validityStatus>definedByValidityTimeSpec</validityStatus><validityTimeSpecification><overallStartTime>2022-10-26T21:00:00.000+02:00</overallStartTime><overallEndTime>2022-10-27T06:00:00.000+02:00</overallEndTime><validPeriod><periodName><values><value lang="FR">Uniquement de nuit</value></values></periodName></validPeriod></validityTimeSpecification></validity><impact><originalNumberOfLanes>3</originalNumberOfLanes></impact><generalPublicComment><comment><values><value lang="fr">DIR Atlantique/District de Gironde/CEI de Villenave-d'Ornon</value></values></comment><commentType>locationDescriptor</commentType></generalPublicComment><generalPublicComment><comment><values><value lang="fr">Point particulier : début : situé 59 m au sud de Floirac-la-Souys - La Tresne, fin : situé 225 m au nord de 14355</value></values></comment><commentType>locationDescriptor</commentType></generalPublicComment><groupOfLocations xsi:type="Linear"><supplementaryPositionalDescription><locationDescriptor>onConnector</locationDescriptor><locationDescriptor>onConnector</locationDescriptor></supplementaryPositionalDescription><tpegLinearLocation><tpegDirection>innerRing</tpegDirection><tpegLinearLocationType>segment</tpegLinearLocationType><to xsi:type="TpegNonJunctionPoint"><pointCoordinates><latitude>44.803535</latitude><longitude>-0.5327955</longitude></pointCoordinates><name><descriptor><values><value lang="fr">Bègles</value></values></descriptor><tpegOtherPointDescriptorType>townName</tpegOtherPointDescriptorType></name><name><descriptor><values><value lang="fr">N230</value></values></descriptor><tpegOtherPointDescriptorType>linkName</tpegOtherPointDescriptorType></name></to><from xsi:type="TpegNonJunctionPoint"><pointCoordinates><latitude>44.81169</latitude><longitude>-0.5219886</longitude></pointCoordinates><name><descriptor><values><value lang="fr">Bouliac</value></values></descriptor><tpegOtherPointDescriptorType>townName</tpegOtherPointDescriptorType></name><name><descriptor><values><value lang="fr">N230</value></values></descriptor><tpegOtherPointDescriptorType>linkName</tpegOtherPointDescriptorType></name></from></tpegLinearLocation><alertCLinear xsi:type="AlertCMethod4Linear"><alertCLocationCountryCode>F</alertCLocationCountryCode><alertCLocationTableNumber>32</alertCLocationTableNumber><alertCLocationTableVersion>11.0</alertCLocationTableVersion><alertCDirection><alertCDirectionCoded>positive</alertCDirectionCoded></alertCDirection><alertCMethod4PrimaryPointLocation><alertCLocation><alertCLocationName><values><value lang="fr"/></values></alertCLocationName><specificLocation>14355</specificLocation></alertCLocation><offsetDistance><offsetDistance>225</offsetDistance></offsetDistance></alertCMethod4PrimaryPointLocation><alertCMethod4SecondaryPointLocation><alertCLocation><alertCLocationName><values><value lang="fr">Floirac-la-Souys - La Tresne</value></values></alertCLocationName><specificLocation>14356</specificLocation></alertCLocation><offsetDistance><offsetDistance>59</offsetDistance></offsetDistance></alertCMethod4SecondaryPointLocation></alertCLinear><linearWithinLinearElement><directionRelativeOnLinearSection>opposite</directionRelativeOnLinearSection><linearElement><roadNumber>N0230</roadNumber></linearElement><fromPoint xsi:type="DistanceFromLinearElementReferent"><distanceAlong>0.0</distanceAlong><fromReferent><referentIdentifier>33PR34G</referentIdentifier><referentType>referenceMarker</referentType></fromReferent></fromPoint><toPoint xsi:type="DistanceFromLinearElementReferent"><distanceAlong>246.0</distanceAlong><fromReferent><referentIdentifier>33PR35G</referentIdentifier><referentType>referenceMarker</referentType></fromReferent></toPoint></linearWithinLinearElement></groupOfLocations><situationRecordExtension><situationRecordExtendedApproved><safetyRelatedMessage>false</safetyRelatedMessage></situationRecordExtendedApproved></situationRecordExtension><complianceOption>mandatory</complianceOption><reroutingManagementType>followLocalDiversion</reroutingManagementType><reroutingItineraryDescription><values><value lang="FR">par la rocade extérieure via le pont d'Aquitaine et le pont François Mitterrand ;</value></values></reroutingItineraryDescription><signedRerouting>true</signedRerouting></situationRecord></situation></payloadPublication></d2LogicalModel></soap:Body></soap:Envelope>