<?xml version="1.0" encoding="UTF-8"?><soap:Envelope xmlns:soap="http://www.w3.org/2003/05/soap-envelope"><soap:Body><d2LogicalModel xmlns="http://datex2.eu/schema/2/2_0" modelBaseVersion="2"><exchange><supplierIdentification><country>fr</country><nationalIdentifier>Tipi</nationalIdentifier></supplierIdentification><subscription><operatingMode>operatingMode1</operatingMode><subscriptionStartTime>2025-03-27T18:48:42.663+01:00</subscriptionStartTime><subscriptionState>active</subscriptionState><updateMethod>allElementUpdate</updateMethod><target><address/><protocol/></target></subscription></exchange><payloadPublication xmlns:xsi="http://www.w3.org/2001/XMLSchema-instance" xsi:type="SituationPublication" lang="fr"><publicationTime>2025-03-27T18:48:42.663+01:00</publicationTime><publicationCreator><country>fr</country><nationalIdentifier>Tipi</nationalIdentifier></publicationCreator><situation id="250327-001922" version="4"><overallSeverity>medium</overallSeverity><situationVersionTime>2025-03-27T18:48:42.147+01:00</situationVersionTime><headerInformation><confidentiality>noRestriction</confidentiality><informationStatus>real</informationStatus></headerInformation><situationRecord xsi:type="AbnormalTraffic" id="250327-001922-1" version="4"><situationRecordCreationReference>EVE_DIRCE-S-250327-0050-EVE_DIRCE-SR-250327-000057</situationRecordCreationReference><situationRecordCreationTime>2025-03-27T16:32:06.124+01:00</situationRecordCreationTime><situationRecordObservationTime>2025-03-27T18:48:36.729+01:00</situationRecordObservationTime><situationRecordVersionTime>2025-03-27T18:48:42.147+01:00</situationRecordVersionTime><situationRecordFirstSupplierVersionTime>2025-03-27T16:32:06.124+01:00</situationRecordFirstSupplierVersionTime><probabilityOfOccurrence>certain</probabilityOfOccurrence><source><sourceIdentification>Direction interdépartementale des routes/DIR Centre-Est</sourceIdentification><reliable>true</reliable></source><validity><validityStatus>definedByValidityTimeSpec</validityStatus><validityTimeSpecification><overallStartTime>2025-03-27T16:32:05.851+01:00</overallStartTime><overallEndTime>2025-03-27T18:48:36.712+01:00</overallEndTime></validityTimeSpecification></validity><impact><numberOfLanesRestricted>6</numberOfLanesRestricted><originalNumberOfLanes>6</originalNumberOfLanes></impact><generalPublicComment><comment><values><value lang="fr">DIR Centre-Est/District Lyon/CEI Saint-Priest</value></values></comment><commentType>locationDescriptor</commentType></generalPublicComment><generalPublicComment><comment><values><value lang="fr">Point particulier : début : situé 470 m au nord de Montgolfier, fin : situé 1122 m au sud de Brigneux - Pusignan</value></values></comment><commentType>locationDescriptor</commentType></generalPublicComment><generalPublicComment><comment><values><value lang="fr">De Saint-Priest (A43) vers Vaulx-en-Velin (A42)</value></values></comment><commentType>locationDescriptor</commentType></generalPublicComment><groupOfLocations xsi:type="Linear"><supplementaryPositionalDescription><affectedCarriagewayAndLanes><carriageway>mainCarriageway</carriageway><lane>allLanesCompleteCarriageway</lane></affectedCarriagewayAndLanes></supplementaryPositionalDescription><tpegLinearLocation><tpegDirection>northBound</tpegDirection><tpegLinearLocationType>segment</tpegLinearLocationType><to xsi:type="TpegNonJunctionPoint"><pointCoordinates><latitude>45.740036</latitude><longitude>4.9857183</longitude></pointCoordinates><name><descriptor><values><value lang="fr">Genas</value></values></descriptor><tpegOtherPointDescriptorType>townName</tpegOtherPointDescriptorType></name><name><descriptor><values><value lang="fr">N346</value></values></descriptor><tpegOtherPointDescriptorType>linkName</tpegOtherPointDescriptorType></name></to><from xsi:type="TpegNonJunctionPoint"><pointCoordinates><latitude>45.72817</latitude><longitude>4.976819</longitude></pointCoordinates><name><descriptor><values><value lang="fr">Chassieu</value></values></descriptor><tpegOtherPointDescriptorType>townName</tpegOtherPointDescriptorType></name><name><descriptor><values><value lang="fr">N346</value></values></descriptor><tpegOtherPointDescriptorType>linkName</tpegOtherPointDescriptorType></name></from></tpegLinearLocation><alertCLinear xsi:type="AlertCMethod4Linear"><alertCLocationCountryCode>F</alertCLocationCountryCode><alertCLocationTableNumber>32</alertCLocationTableNumber><alertCLocationTableVersion>11.0</alertCLocationTableVersion><alertCDirection><alertCDirectionCoded>negative</alertCDirectionCoded></alertCDirection><alertCMethod4PrimaryPointLocation><alertCLocation><alertCLocationName><values><value lang="fr">Brigneux - Pusignan</value></values></alertCLocationName><specificLocation>14386</specificLocation></alertCLocation><offsetDistance><offsetDistance>1122</offsetDistance></offsetDistance></alertCMethod4PrimaryPointLocation><alertCMethod4SecondaryPointLocation><alertCLocation><alertCLocationName><values><value lang="fr">Montgolfier</value></values></alertCLocationName><specificLocation>14388</specificLocation></alertCLocation><offsetDistance><offsetDistance>470</offsetDistance></offsetDistance></alertCMethod4SecondaryPointLocation></alertCLinear><linearWithinLinearElement><directionRelativeOnLinearSection>opposite</directionRelativeOnLinearSection><linearElement><roadNumber>N0346</roadNumber></linearElement><fromPoint xsi:type="DistanceFromLinearElementReferent"><distanceAlong>500.0</distanceAlong><fromReferent><referentIdentifier>69PR36G</referentIdentifier><referentType>referenceMarker</referentType></fromReferent></fromPoint><toPoint xsi:type="DistanceFromLinearElementReferent"><distanceAlong>0.0</distanceAlong><fromReferent><referentIdentifier>69PR38G</referentIdentifier><referentType>referenceMarker</referentType></fromReferent></toPoint></linearWithinLinearElement></groupOfLocations><management><lifeCycleManagement><end>true</end></lifeCycleManagement></management><situationRecordExtension><situationRecordExtendedApproved><safetyRelatedMessage>false</safetyRelatedMessage></situationRecordExtendedApproved></situationRecordExtension><abnormalTrafficType>slowTraffic</abnormalTrafficType><queueLength>1494</queueLength></situationRecord></situation></payloadPublication></d2LogicalModel></soap:Body></soap:Envelope>