<?xml version="1.0" encoding="UTF-8"?><soap:Envelope xmlns:soap="http://www.w3.org/2003/05/soap-envelope"><soap:Body><d2LogicalModel xmlns="http://datex2.eu/schema/2/2_0" modelBaseVersion="2"><exchange><supplierIdentification><country>fr</country><nationalIdentifier>Tipi</nationalIdentifier></supplierIdentification><subscription><operatingMode>operatingMode1</operatingMode><subscriptionStartTime>2023-10-26T19:15:26.269+02:00</subscriptionStartTime><subscriptionState>active</subscriptionState><updateMethod>allElementUpdate</updateMethod><target><address/><protocol/></target></subscription></exchange><payloadPublication xmlns:xsi="http://www.w3.org/2001/XMLSchema-instance" xsi:type="SituationPublication" lang="fr"><publicationTime>2023-10-26T19:15:26.269+02:00</publicationTime><publicationCreator><country>fr</country><nationalIdentifier>Tipi</nationalIdentifier></publicationCreator><situation id="231026-001710" version="3"><overallSeverity>medium</overallSeverity><situationVersionTime>2023-10-26T19:15:25.731+02:00</situationVersionTime><headerInformation><confidentiality>noRestriction</confidentiality><informationStatus>real</informationStatus></headerInformation><situationRecord xsi:type="AbnormalTraffic" id="231026-001710-1" version="3"><situationRecordCreationReference>EVE_DIRCE231026-000126-EVE_DIRCE231026-000141</situationRecordCreationReference><situationRecordCreationTime>2023-10-26T16:16:45.066+02:00</situationRecordCreationTime><situationRecordObservationTime>2023-10-26T19:15:18.673+02:00</situationRecordObservationTime><situationRecordVersionTime>2023-10-26T19:15:25.731+02:00</situationRecordVersionTime><situationRecordFirstSupplierVersionTime>2023-10-26T16:16:45.066+02:00</situationRecordFirstSupplierVersionTime><probabilityOfOccurrence>certain</probabilityOfOccurrence><source><sourceIdentification>Direction interdépartementale des routes/DIR Centre-Est</sourceIdentification><reliable>true</reliable></source><validity><validityStatus>definedByValidityTimeSpec</validityStatus><validityTimeSpecification><overallStartTime>2023-10-26T16:16:44.973+02:00</overallStartTime><overallEndTime>2023-10-26T19:15:17.989+02:00</overallEndTime></validityTimeSpecification></validity><impact><numberOfLanesRestricted>5</numberOfLanesRestricted><originalNumberOfLanes>5</originalNumberOfLanes></impact><generalPublicComment><comment><values><value lang="fr">DIR Centre-Est/District Saint-Étienne/CEI Varizelle</value></values></comment><commentType>locationDescriptor</commentType></generalPublicComment><generalPublicComment><comment><values><value lang="fr">Point particulier : début : situé 795 m à l'est de Saint-Etienne - Saint-Exupéry, fin : situé 1497 m à l'ouest de Saint-Jean-Bonnefonds</value></values></comment><commentType>locationDescriptor</commentType></generalPublicComment><generalPublicComment><comment><values><value lang="fr">De Clermont-Ferrand vers Saint-Étienne</value></values></comment><commentType>locationDescriptor</commentType></generalPublicComment><groupOfLocations xsi:type="Linear"><supplementaryPositionalDescription><affectedCarriagewayAndLanes><carriageway>mainCarriageway</carriageway><lane>allLanesCompleteCarriageway</lane></affectedCarriagewayAndLanes></supplementaryPositionalDescription><tpegLinearLocation><tpegDirection>eastBound</tpegDirection><tpegLinearLocationType>segment</tpegLinearLocationType><to xsi:type="TpegNonJunctionPoint"><pointCoordinates><latitude>45.45444</latitude><longitude>4.4134326</longitude></pointCoordinates><name><descriptor><values><value lang="fr">Saint-Étienne</value></values></descriptor><tpegOtherPointDescriptorType>townName</tpegOtherPointDescriptorType></name><name><descriptor><values><value lang="fr">A72</value></values></descriptor><tpegOtherPointDescriptorType>linkName</tpegOtherPointDescriptorType></name></to><from xsi:type="TpegNonJunctionPoint"><pointCoordinates><latitude>45.465343</latitude><longitude>4.3892603</longitude></pointCoordinates><name><descriptor><values><value lang="fr">Saint-Étienne</value></values></descriptor><tpegOtherPointDescriptorType>townName</tpegOtherPointDescriptorType></name><name><descriptor><values><value lang="fr">A72</value></values></descriptor><tpegOtherPointDescriptorType>linkName</tpegOtherPointDescriptorType></name></from></tpegLinearLocation><alertCLinear xsi:type="AlertCMethod4Linear"><alertCLocationCountryCode>F</alertCLocationCountryCode><alertCLocationTableNumber>32</alertCLocationTableNumber><alertCLocationTableVersion>11.0</alertCLocationTableVersion><alertCDirection><alertCDirectionCoded>positive</alertCDirectionCoded></alertCDirection><alertCMethod4PrimaryPointLocation><alertCLocation><alertCLocationName><values><value lang="fr">Saint-Jean-Bonnefonds</value></values></alertCLocationName><specificLocation>13080</specificLocation></alertCLocation><offsetDistance><offsetDistance>1497</offsetDistance></offsetDistance></alertCMethod4PrimaryPointLocation><alertCMethod4SecondaryPointLocation><alertCLocation><alertCLocationName><values><value lang="fr">Saint-Etienne - Saint-Exupéry</value></values></alertCLocationName><specificLocation>13075</specificLocation></alertCLocation><offsetDistance><offsetDistance>795</offsetDistance></offsetDistance></alertCMethod4SecondaryPointLocation></alertCLinear><linearWithinLinearElement><directionRelativeOnLinearSection>opposite</directionRelativeOnLinearSection><linearElement><roadNumber>A0072</roadNumber></linearElement><fromPoint xsi:type="DistanceFromLinearElementReferent"><distanceAlong>850.0</distanceAlong><fromReferent><referentIdentifier>42PR2G</referentIdentifier><referentType>referenceMarker</referentType></fromReferent></fromPoint><toPoint xsi:type="DistanceFromLinearElementReferent"><distanceAlong>300.0</distanceAlong><fromReferent><referentIdentifier>42PR5G</referentIdentifier><referentType>referenceMarker</referentType></fromReferent></toPoint></linearWithinLinearElement></groupOfLocations><management><lifeCycleManagement><end>true</end></lifeCycleManagement></management><situationRecordExtension><situationRecordExtendedApproved><safetyRelatedMessage>false</safetyRelatedMessage></situationRecordExtendedApproved></situationRecordExtension><abnormalTrafficType>queuingTraffic</abnormalTrafficType><queueLength>2414</queueLength></situationRecord></situation></payloadPublication></d2LogicalModel></soap:Body></soap:Envelope>