<?xml version="1.0" encoding="UTF-8"?><soap:Envelope xmlns:soap="http://www.w3.org/2003/05/soap-envelope"><soap:Body><d2LogicalModel xmlns="http://datex2.eu/schema/2/2_0" modelBaseVersion="2"><exchange><supplierIdentification><country>fr</country><nationalIdentifier>Tipi</nationalIdentifier></supplierIdentification><subscription><operatingMode>operatingMode1</operatingMode><subscriptionStartTime>2023-12-26T06:46:35.667+01:00</subscriptionStartTime><subscriptionState>active</subscriptionState><updateMethod>allElementUpdate</updateMethod><target><address/><protocol/></target></subscription></exchange><payloadPublication xmlns:xsi="http://www.w3.org/2001/XMLSchema-instance" xsi:type="SituationPublication" lang="fr"><publicationTime>2023-12-26T06:46:35.667+01:00</publicationTime><publicationCreator><country>fr</country><nationalIdentifier>Tipi</nationalIdentifier></publicationCreator><situation id="231226-000163" version="1"><overallSeverity>medium</overallSeverity><situationVersionTime>2023-12-26T06:46:35.115+01:00</situationVersionTime><headerInformation><confidentiality>noRestriction</confidentiality><informationStatus>real</informationStatus></headerInformation><situationRecord xsi:type="AbnormalTraffic" id="231226-000163-1" version="1"><situationRecordCreationReference>EVE_DIRCE231226-000020-EVE_DIRCE231226-000019</situationRecordCreationReference><situationRecordCreationTime>2023-12-26T06:46:32.604+01:00</situationRecordCreationTime><situationRecordObservationTime>2023-12-26T06:46:32.517+01:00</situationRecordObservationTime><situationRecordVersionTime>2023-12-26T06:46:35.115+01:00</situationRecordVersionTime><situationRecordFirstSupplierVersionTime>2023-12-26T06:46:32.604+01:00</situationRecordFirstSupplierVersionTime><probabilityOfOccurrence>certain</probabilityOfOccurrence><source><sourceIdentification>Direction interdépartementale des routes/DIR Centre-Est</sourceIdentification><reliable>true</reliable></source><validity><validityStatus>definedByValidityTimeSpec</validityStatus><validityTimeSpecification><overallStartTime>2023-12-26T06:46:32.418+01:00</overallStartTime></validityTimeSpecification></validity><impact><numberOfLanesRestricted>6</numberOfLanesRestricted><originalNumberOfLanes>6</originalNumberOfLanes></impact><generalPublicComment><comment><values><value lang="fr">DIR Centre-Est/District Saint-Étienne/CEI Varizelle</value></values></comment><commentType>locationDescriptor</commentType></generalPublicComment><generalPublicComment><comment><values><value lang="fr">Point particulier : début : situé 6134 m à l'est de La Fouillouse, fin : situé 922 m à l'ouest de Saint-Priest-en-Jarez - La Doa</value></values></comment><commentType>locationDescriptor</commentType></generalPublicComment><generalPublicComment><comment><values><value lang="fr">De Clermont-Ferrand vers Saint-Étienne</value></values></comment><commentType>locationDescriptor</commentType></generalPublicComment><groupOfLocations xsi:type="Linear"><supplementaryPositionalDescription><affectedCarriagewayAndLanes><carriageway>mainCarriageway</carriageway><lane>allLanesCompleteCarriageway</lane></affectedCarriagewayAndLanes></supplementaryPositionalDescription><tpegLinearLocation><tpegDirection>eastBound</tpegDirection><tpegLinearLocationType>segment</tpegLinearLocationType><to xsi:type="TpegNonJunctionPoint"><pointCoordinates><latitude>45.47229</latitude><longitude>4.3632803</longitude></pointCoordinates><name><descriptor><values><value lang="fr">Villars</value></values></descriptor><tpegOtherPointDescriptorType>townName</tpegOtherPointDescriptorType></name><name><descriptor><values><value lang="fr">A72</value></values></descriptor><tpegOtherPointDescriptorType>linkName</tpegOtherPointDescriptorType></name></to><from xsi:type="TpegNonJunctionPoint"><pointCoordinates><latitude>45.48205</latitude><longitude>4.3401484</longitude></pointCoordinates><name><descriptor><values><value lang="fr">La Fouillouse</value></values></descriptor><tpegOtherPointDescriptorType>townName</tpegOtherPointDescriptorType></name><name><descriptor><values><value lang="fr">A72</value></values></descriptor><tpegOtherPointDescriptorType>linkName</tpegOtherPointDescriptorType></name></from></tpegLinearLocation><alertCLinear xsi:type="AlertCMethod4Linear"><alertCLocationCountryCode>F</alertCLocationCountryCode><alertCLocationTableNumber>32</alertCLocationTableNumber><alertCLocationTableVersion>11.0</alertCLocationTableVersion><alertCDirection><alertCDirectionCoded>positive</alertCDirectionCoded></alertCDirection><alertCMethod4PrimaryPointLocation><alertCLocation><alertCLocationName><values><value lang="fr">Saint-Priest-en-Jarez - La Doa</value></values></alertCLocationName><specificLocation>13074</specificLocation></alertCLocation><offsetDistance><offsetDistance>922</offsetDistance></offsetDistance></alertCMethod4PrimaryPointLocation><alertCMethod4SecondaryPointLocation><alertCLocation><alertCLocationName><values><value lang="fr">La Fouillouse</value></values></alertCLocationName><specificLocation>13072</specificLocation></alertCLocation><offsetDistance><offsetDistance>6134</offsetDistance></offsetDistance></alertCMethod4SecondaryPointLocation></alertCLinear><linearWithinLinearElement><directionRelativeOnLinearSection>opposite</directionRelativeOnLinearSection><linearElement><roadNumber>A0072</roadNumber></linearElement><fromPoint xsi:type="DistanceFromLinearElementReferent"><distanceAlong>750.0</distanceAlong><fromReferent><referentIdentifier>42PR7G</referentIdentifier><referentType>referenceMarker</referentType></fromReferent></fromPoint><toPoint xsi:type="DistanceFromLinearElementReferent"><distanceAlong>900.0</distanceAlong><fromReferent><referentIdentifier>42PR9G</referentIdentifier><referentType>referenceMarker</referentType></fromReferent></toPoint></linearWithinLinearElement></groupOfLocations><situationRecordExtension><situationRecordExtendedApproved><safetyRelatedMessage>false</safetyRelatedMessage></situationRecordExtendedApproved></situationRecordExtension><abnormalTrafficType>queuingTraffic</abnormalTrafficType><queueLength>2142</queueLength></situationRecord></situation></payloadPublication></d2LogicalModel></soap:Body></soap:Envelope>