<?xml version="1.0" encoding="UTF-8"?><soap:Envelope xmlns:soap="http://www.w3.org/2003/05/soap-envelope"><soap:Body><d2LogicalModel xmlns="http://datex2.eu/schema/2/2_0" modelBaseVersion="2"><exchange><supplierIdentification><country>fr</country><nationalIdentifier>Tipi</nationalIdentifier></supplierIdentification><subscription><operatingMode>operatingMode1</operatingMode><subscriptionStartTime>2023-12-13T02:22:05.914+01:00</subscriptionStartTime><subscriptionState>active</subscriptionState><updateMethod>allElementUpdate</updateMethod><target><address/><protocol/></target></subscription></exchange><payloadPublication xmlns:xsi="http://www.w3.org/2001/XMLSchema-instance" xsi:type="SituationPublication" lang="fr"><publicationTime>2023-12-13T02:22:05.914+01:00</publicationTime><publicationCreator><country>fr</country><nationalIdentifier>Tipi</nationalIdentifier></publicationCreator><situation id="231212-002602" version="8"><overallSeverity>high</overallSeverity><situationVersionTime>2023-12-13T02:22:05.203+01:00</situationVersionTime><headerInformation><confidentiality>noRestriction</confidentiality><informationStatus>real</informationStatus></headerInformation><situationRecord xsi:type="MaintenanceWorks" id="231212-002602-1" version="8"><situationRecordCreationReference>Sirius_395620231212213341-Sirius_600059302_1</situationRecordCreationReference><situationRecordCreationTime>2023-12-12T21:33:41.000+01:00</situationRecordCreationTime><situationRecordObservationTime>2023-12-12T21:33:41.000+01:00</situationRecordObservationTime><situationRecordVersionTime>2023-12-13T02:22:05.203+01:00</situationRecordVersionTime><situationRecordFirstSupplierVersionTime>2023-12-12T21:33:41.000+01:00</situationRecordFirstSupplierVersionTime><probabilityOfOccurrence>certain</probabilityOfOccurrence><source><sourceIdentification>Direction interdépartementale des routes/DIR Île-de-France</sourceIdentification><reliable>true</reliable></source><validity><validityStatus>definedByValidityTimeSpec</validityStatus><validityTimeSpecification><overallStartTime>2023-12-12T21:33:41.000+01:00</overallStartTime></validityTimeSpecification></validity><impact><originalNumberOfLanes>2</originalNumberOfLanes><trafficConstrictionType>carriagewayBlocked</trafficConstrictionType></impact><generalPublicComment><comment><values><value lang="fr">DIR Île-de-France</value></values></comment><commentType>locationDescriptor</commentType></generalPublicComment><generalPublicComment><comment><values><value lang="fr">Point particulier : début : situé 5531 m à l'est de Saint-Nom-la-Bretèche, fin : situé 0 m à l'ouest de Paris - Porte d'Auteuil</value></values></comment><commentType>locationDescriptor</commentType></generalPublicComment><generalPublicComment><comment><values><value lang="fr">De Cherbourg vers Paris</value></values></comment><commentType>locationDescriptor</commentType></generalPublicComment><groupOfLocations xsi:type="Linear"><tpegLinearLocation><tpegDirection>eastBound</tpegDirection><tpegLinearLocationType>segment</tpegLinearLocationType><to xsi:type="TpegNonJunctionPoint"><pointCoordinates><latitude>48.851204</latitude><longitude>2.252267</longitude></pointCoordinates><name><descriptor><values><value lang="fr">Paris - 16ème arrondissement</value></values></descriptor><tpegOtherPointDescriptorType>townName</tpegOtherPointDescriptorType></name><name><descriptor><values><value lang="fr">A13</value></values></descriptor><tpegOtherPointDescriptorType>linkName</tpegOtherPointDescriptorType></name></to><from xsi:type="TpegNonJunctionPoint"><pointCoordinates><latitude>48.841408</latitude><longitude>2.0963774</longitude></pointCoordinates><name><descriptor><values><value lang="fr">Bailly</value></values></descriptor><tpegOtherPointDescriptorType>townName</tpegOtherPointDescriptorType></name><name><descriptor><values><value lang="fr">A13</value></values></descriptor><tpegOtherPointDescriptorType>linkName</tpegOtherPointDescriptorType></name></from></tpegLinearLocation><alertCLinear xsi:type="AlertCMethod4Linear"><alertCLocationCountryCode>F</alertCLocationCountryCode><alertCLocationTableNumber>32</alertCLocationTableNumber><alertCLocationTableVersion>11.0</alertCLocationTableVersion><alertCDirection><alertCDirectionCoded>negative</alertCDirectionCoded></alertCDirection><alertCMethod4PrimaryPointLocation><alertCLocation><alertCLocationName><values><value lang="fr">Paris - Porte d'Auteuil</value></values></alertCLocationName><specificLocation>14497</specificLocation></alertCLocation><offsetDistance><offsetDistance>0</offsetDistance></offsetDistance></alertCMethod4PrimaryPointLocation><alertCMethod4SecondaryPointLocation><alertCLocation><alertCLocationName><values><value lang="fr">Saint-Nom-la-Bretèche</value></values></alertCLocationName><specificLocation>55833</specificLocation></alertCLocation><offsetDistance><offsetDistance>5531</offsetDistance></offsetDistance></alertCMethod4SecondaryPointLocation></alertCLinear><linearWithinLinearElement><directionRelativeOnLinearSection>opposite</directionRelativeOnLinearSection><linearElement><roadNumber>A0013</roadNumber></linearElement><fromPoint xsi:type="DistanceFromLinearElementReferent"><distanceAlong>0.0</distanceAlong><fromReferent><referentIdentifier>75PR0G</referentIdentifier><referentType>referenceMarker</referentType></fromReferent></fromPoint><toPoint xsi:type="DistanceFromLinearElementReferent"><distanceAlong>787.0</distanceAlong><fromReferent><referentIdentifier>78PR12G</referentIdentifier><referentType>referenceMarker</referentType></fromReferent></toPoint></linearWithinLinearElement></groupOfLocations><situationRecordExtension><situationRecordExtendedApproved><safetyRelatedMessage>false</safetyRelatedMessage></situationRecordExtendedApproved></situationRecordExtension><mobility><mobilityType>stationary</mobilityType></mobility><roadMaintenanceType>roadworks</roadMaintenanceType></situationRecord><situationRecord xsi:type="MaintenanceWorks" id="231212-002602-102" version="7"><situationRecordCreationReference>Sirius_395620231212213341-Sirius_600059315_1</situationRecordCreationReference><situationRecordCreationTime>2023-12-12T22:24:01.000+01:00</situationRecordCreationTime><situationRecordObservationTime>2023-12-12T22:24:01.000+01:00</situationRecordObservationTime><situationRecordVersionTime>2023-12-13T02:22:05.203+01:00</situationRecordVersionTime><situationRecordFirstSupplierVersionTime>2023-12-12T22:24:01.000+01:00</situationRecordFirstSupplierVersionTime><probabilityOfOccurrence>certain</probabilityOfOccurrence><source><sourceIdentification>Direction interdépartementale des routes/DIR Île-de-France</sourceIdentification><reliable>true</reliable></source><validity><validityStatus>definedByValidityTimeSpec</validityStatus><validityTimeSpecification><overallStartTime>2023-12-12T22:24:01.000+01:00</overallStartTime></validityTimeSpecification></validity><impact><originalNumberOfLanes>2</originalNumberOfLanes><trafficConstrictionType>carriagewayBlocked</trafficConstrictionType></impact><generalPublicComment><comment><values><value lang="fr">DIR Île-de-France</value></values></comment><commentType>locationDescriptor</commentType></generalPublicComment><generalPublicComment><comment><values><value lang="fr">Point particulier : début : situé 0 m à l'ouest de Paris - Porte d'Auteuil, fin : situé 256 m à l'est de Bois de Boulogne</value></values></comment><commentType>locationDescriptor</commentType></generalPublicComment><generalPublicComment><comment><values><value lang="fr">De Paris vers Cherbourg</value></values></comment><commentType>locationDescriptor</commentType></generalPublicComment><groupOfLocations xsi:type="Linear"><tpegLinearLocation><tpegDirection>westBound</tpegDirection><tpegLinearLocationType>segment</tpegLinearLocationType><to xsi:type="TpegNonJunctionPoint"><pointCoordinates><latitude>48.848667</latitude><longitude>2.2504544</longitude></pointCoordinates><name><descriptor><values><value lang="fr">Paris - 16ème arrondissement</value></values></descriptor><tpegOtherPointDescriptorType>townName</tpegOtherPointDescriptorType></name><name><descriptor><values><value lang="fr">A13</value></values></descriptor><tpegOtherPointDescriptorType>linkName</tpegOtherPointDescriptorType></name></to><from xsi:type="TpegNonJunctionPoint"><pointCoordinates><latitude>48.84642</latitude><longitude>2.2549446</longitude></pointCoordinates><name><descriptor><values><value lang="fr">Paris - 16ème arrondissement</value></values></descriptor><tpegOtherPointDescriptorType>townName</tpegOtherPointDescriptorType></name><name><descriptor><values><value lang="fr">A13</value></values></descriptor><tpegOtherPointDescriptorType>linkName</tpegOtherPointDescriptorType></name></from></tpegLinearLocation><alertCLinear xsi:type="AlertCMethod4Linear"><alertCLocationCountryCode>F</alertCLocationCountryCode><alertCLocationTableNumber>32</alertCLocationTableNumber><alertCLocationTableVersion>11.0</alertCLocationTableVersion><alertCDirection><alertCDirectionCoded>positive</alertCDirectionCoded></alertCDirection><alertCMethod4PrimaryPointLocation><alertCLocation><alertCLocationName><values><value lang="fr">Bois de Boulogne</value></values></alertCLocationName><specificLocation>11871</specificLocation></alertCLocation><offsetDistance><offsetDistance>256</offsetDistance></offsetDistance></alertCMethod4PrimaryPointLocation><alertCMethod4SecondaryPointLocation><alertCLocation><alertCLocationName><values><value lang="fr">Paris - Porte d'Auteuil</value></values></alertCLocationName><specificLocation>14497</specificLocation></alertCLocation><offsetDistance><offsetDistance>0</offsetDistance></offsetDistance></alertCMethod4SecondaryPointLocation></alertCLinear><linearWithinLinearElement><directionRelativeOnLinearSection>aligned</directionRelativeOnLinearSection><linearElement><roadNumber>A0013</roadNumber></linearElement><fromPoint xsi:type="DistanceFromLinearElementReferent"><distanceAlong>550.0</distanceAlong><fromReferent><referentIdentifier>75PR0D</referentIdentifier><referentType>referenceMarker</referentType></fromReferent></fromPoint><toPoint xsi:type="DistanceFromLinearElementReferent"><distanceAlong>0.0</distanceAlong><fromReferent><referentIdentifier>75PR0D</referentIdentifier><referentType>referenceMarker</referentType></fromReferent></toPoint></linearWithinLinearElement></groupOfLocations><situationRecordExtension><situationRecordExtendedApproved><safetyRelatedMessage>false</safetyRelatedMessage></situationRecordExtendedApproved></situationRecordExtension><mobility><mobilityType>stationary</mobilityType></mobility><roadMaintenanceType>roadworks</roadMaintenanceType></situationRecord><situationRecord xsi:type="MaintenanceWorks" id="231212-002602-105" version="4"><situationRecordCreationReference>Sirius_395620231212213341-Sirius_600059318_1</situationRecordCreationReference><situationRecordCreationTime>2023-12-12T22:24:03.000+01:00</situationRecordCreationTime><situationRecordObservationTime>2023-12-13T02:20:21.000+01:00</situationRecordObservationTime><situationRecordVersionTime>2023-12-13T02:22:05.203+01:00</situationRecordVersionTime><situationRecordFirstSupplierVersionTime>2023-12-12T22:24:03.000+01:00</situationRecordFirstSupplierVersionTime><probabilityOfOccurrence>certain</probabilityOfOccurrence><source><sourceIdentification>Direction interdépartementale des routes/DIR Île-de-France</sourceIdentification><reliable>true</reliable></source><validity><validityStatus>definedByValidityTimeSpec</validityStatus><validityTimeSpecification><overallStartTime>2023-12-12T22:24:03.000+01:00</overallStartTime><overallEndTime>2023-12-13T02:20:21.000+01:00</overallEndTime></validityTimeSpecification></validity><impact><originalNumberOfLanes>4</originalNumberOfLanes><trafficConstrictionType>carriagewayBlocked</trafficConstrictionType></impact><generalPublicComment><comment><values><value lang="fr">DIR Île-de-France</value></values></comment><commentType>locationDescriptor</commentType></generalPublicComment><generalPublicComment><comment><values><value lang="fr">Point particulier : début : situé 294 m au nord de Paris - Porte d'Auteuil, fin : situé 4982 m au sud de Saint-Nom-la-Bretèche</value></values></comment><commentType>locationDescriptor</commentType></generalPublicComment><generalPublicComment><comment><values><value lang="fr">De Paris vers Cherbourg</value></values></comment><commentType>locationDescriptor</commentType></generalPublicComment><groupOfLocations xsi:type="Linear"><tpegLinearLocation><tpegDirection>westBound</tpegDirection><tpegLinearLocationType>segment</tpegLinearLocationType><to xsi:type="TpegNonJunctionPoint"><pointCoordinates><latitude>48.844276</latitude><longitude>2.0897741</longitude></pointCoordinates><name><descriptor><values><value lang="fr">Bailly</value></values></descriptor><tpegOtherPointDescriptorType>townName</tpegOtherPointDescriptorType></name><name><descriptor><values><value lang="fr">A13</value></values></descriptor><tpegOtherPointDescriptorType>linkName</tpegOtherPointDescriptorType></name></to><from xsi:type="TpegNonJunctionPoint"><pointCoordinates><latitude>48.848667</latitude><longitude>2.2504544</longitude></pointCoordinates><name><descriptor><values><value lang="fr">Paris - 16ème arrondissement</value></values></descriptor><tpegOtherPointDescriptorType>townName</tpegOtherPointDescriptorType></name><name><descriptor><values><value lang="fr">A13</value></values></descriptor><tpegOtherPointDescriptorType>linkName</tpegOtherPointDescriptorType></name></from></tpegLinearLocation><alertCLinear xsi:type="AlertCMethod4Linear"><alertCLocationCountryCode>F</alertCLocationCountryCode><alertCLocationTableNumber>32</alertCLocationTableNumber><alertCLocationTableVersion>11.0</alertCLocationTableVersion><alertCDirection><alertCDirectionCoded>positive</alertCDirectionCoded></alertCDirection><alertCMethod4PrimaryPointLocation><alertCLocation><alertCLocationName><values><value lang="fr">Saint-Nom-la-Bretèche</value></values></alertCLocationName><specificLocation>55833</specificLocation></alertCLocation><offsetDistance><offsetDistance>4982</offsetDistance></offsetDistance></alertCMethod4PrimaryPointLocation><alertCMethod4SecondaryPointLocation><alertCLocation><alertCLocationName><values><value lang="fr">Paris - Porte d'Auteuil</value></values></alertCLocationName><specificLocation>14497</specificLocation></alertCLocation><offsetDistance><offsetDistance>294</offsetDistance></offsetDistance></alertCMethod4SecondaryPointLocation></alertCLinear><linearWithinLinearElement><directionRelativeOnLinearSection>aligned</directionRelativeOnLinearSection><linearElement><roadNumber>A0013</roadNumber></linearElement><fromPoint xsi:type="DistanceFromLinearElementReferent"><distanceAlong>348.0</distanceAlong><fromReferent><referentIdentifier>78PR13D</referentIdentifier><referentType>referenceMarker</referentType></fromReferent></fromPoint><toPoint xsi:type="DistanceFromLinearElementReferent"><distanceAlong>550.0</distanceAlong><fromReferent><referentIdentifier>75PR0D</referentIdentifier><referentType>referenceMarker</referentType></fromReferent></toPoint></linearWithinLinearElement></groupOfLocations><management><lifeCycleManagement><end>true</end></lifeCycleManagement></management><situationRecordExtension><situationRecordExtendedApproved><safetyRelatedMessage>false</safetyRelatedMessage></situationRecordExtendedApproved></situationRecordExtension><mobility><mobilityType>stationary</mobilityType></mobility><roadMaintenanceType>roadworks</roadMaintenanceType></situationRecord></situation></payloadPublication></d2LogicalModel></soap:Body></soap:Envelope>