<?xml version="1.0" encoding="UTF-8"?><soap:Envelope xmlns:soap="http://www.w3.org/2003/05/soap-envelope"><soap:Body><d2LogicalModel xmlns="http://datex2.eu/schema/2/2_0" modelBaseVersion="2"><exchange><supplierIdentification><country>fr</country><nationalIdentifier>Tipi</nationalIdentifier></supplierIdentification><subscription><operatingMode>operatingMode1</operatingMode><subscriptionStartTime>2024-02-06T16:52:06.088+01:00</subscriptionStartTime><subscriptionState>active</subscriptionState><updateMethod>allElementUpdate</updateMethod><target><address/><protocol/></target></subscription></exchange><payloadPublication xmlns:xsi="http://www.w3.org/2001/XMLSchema-instance" xsi:type="SituationPublication" lang="fr"><publicationTime>2024-02-06T16:52:06.088+01:00</publicationTime><publicationCreator><country>fr</country><nationalIdentifier>Tipi</nationalIdentifier></publicationCreator><situation id="240206-000483" version="2"><overallSeverity>medium</overallSeverity><situationVersionTime>2024-02-06T16:52:05.392+01:00</situationVersionTime><headerInformation><confidentiality>noRestriction</confidentiality><informationStatus>real</informationStatus></headerInformation><situationRecord xsi:type="MaintenanceWorks" id="240206-000483-1" version="2"><situationRecordCreationTime>2024-02-06T08:30:04.190+01:00</situationRecordCreationTime><situationRecordObservationTime>2024-02-06T16:51:19.857+01:00</situationRecordObservationTime><situationRecordVersionTime>2024-02-06T16:52:05.392+01:00</situationRecordVersionTime><situationRecordFirstSupplierVersionTime>2024-02-06T08:30:04.190+01:00</situationRecordFirstSupplierVersionTime><probabilityOfOccurrence>probable</probabilityOfOccurrence><source><sourceIdentification>Direction interdépartementale des routes/DIR Centre-Est</sourceIdentification><sourceName><values><value lang="fr">CEI Roanne</value></values></sourceName><reliable>true</reliable></source><validity><validityStatus>definedByValidityTimeSpec</validityStatus><validityTimeSpecification><overallStartTime>2024-02-07T08:29:00.000+01:00</overallStartTime><overallEndTime>2024-02-07T17:30:00.000+01:00</overallEndTime><validPeriod><periodName><values><value lang="FR">Uniquement de jour</value></values></periodName></validPeriod></validityTimeSpecification></validity><impact><originalNumberOfLanes>2</originalNumberOfLanes></impact><generalPublicComment><comment><values><value lang="fr">DIR Centre-Est/District Moulins/CEI Roanne</value></values></comment><commentType>locationDescriptor</commentType></generalPublicComment><generalPublicComment><comment><values><value lang="fr">Point particulier : début : situé 4588 m à l'est de Saint-Martin-d'estréaux, fin : situé 4033 m à l'ouest de Changy</value></values></comment><commentType>locationDescriptor</commentType></generalPublicComment><generalPublicComment><comment><values><value lang="fr">De Paris vers Italie - Genova</value></values></comment><commentType>locationDescriptor</commentType></generalPublicComment><groupOfLocations xsi:type="Linear"><supplementaryPositionalDescription><affectedCarriagewayAndLanes><carriageway>mainCarriageway</carriageway><lane>lane1</lane></affectedCarriagewayAndLanes></supplementaryPositionalDescription><tpegLinearLocation><tpegDirection>southBound</tpegDirection><tpegLinearLocationType>segment</tpegLinearLocationType><to xsi:type="TpegNonJunctionPoint"><pointCoordinates><latitude>46.181934</latitude><longitude>3.8753839</longitude></pointCoordinates><name><descriptor><values><value lang="fr">La Pacaudière</value></values></descriptor><tpegOtherPointDescriptorType>townName</tpegOtherPointDescriptorType></name><name><descriptor><values><value lang="fr">N7</value></values></descriptor><tpegOtherPointDescriptorType>linkName</tpegOtherPointDescriptorType></name></to><from xsi:type="TpegNonJunctionPoint"><pointCoordinates><latitude>46.1924</latitude><longitude>3.8540514</longitude></pointCoordinates><name><descriptor><values><value lang="fr">La Pacaudière</value></values></descriptor><tpegOtherPointDescriptorType>townName</tpegOtherPointDescriptorType></name><name><descriptor><values><value lang="fr">N7</value></values></descriptor><tpegOtherPointDescriptorType>linkName</tpegOtherPointDescriptorType></name></from></tpegLinearLocation><alertCLinear xsi:type="AlertCMethod4Linear"><alertCLocationCountryCode>F</alertCLocationCountryCode><alertCLocationTableNumber>32</alertCLocationTableNumber><alertCLocationTableVersion>11.0</alertCLocationTableVersion><alertCDirection><alertCDirectionCoded>positive</alertCDirectionCoded></alertCDirection><alertCMethod4PrimaryPointLocation><alertCLocation><alertCLocationName><values><value lang="fr">Changy</value></values></alertCLocationName><specificLocation>32434</specificLocation></alertCLocation><offsetDistance><offsetDistance>4033</offsetDistance></offsetDistance></alertCMethod4PrimaryPointLocation><alertCMethod4SecondaryPointLocation><alertCLocation><alertCLocationName><values><value lang="fr">Saint-Martin-d'estréaux</value></values></alertCLocationName><specificLocation>32433</specificLocation></alertCLocation><offsetDistance><offsetDistance>4588</offsetDistance></offsetDistance></alertCMethod4SecondaryPointLocation></alertCLinear><linearWithinLinearElement><directionRelativeOnLinearSection>aligned</directionRelativeOnLinearSection><linearElement><roadNumber>N0007</roadNumber></linearElement><fromPoint xsi:type="DistanceFromLinearElementReferent"><distanceAlong>500.0</distanceAlong><fromReferent><referentIdentifier>42PR8D</referentIdentifier><referentType>referenceMarker</referentType></fromReferent></fromPoint><toPoint xsi:type="DistanceFromLinearElementReferent"><distanceAlong>-513.0</distanceAlong><fromReferent><referentIdentifier>42PR7D</referentIdentifier><referentType>referenceMarker</referentType></fromReferent></toPoint></linearWithinLinearElement></groupOfLocations><situationRecordExtension><situationRecordExtendedApproved><safetyRelatedMessage>false</safetyRelatedMessage></situationRecordExtendedApproved></situationRecordExtension><roadworksScale>medium</roadworksScale><roadMaintenanceType>grassCuttingWork</roadMaintenanceType></situationRecord><situationRecord xsi:type="RoadOrCarriagewayOrLaneManagement" id="240206-000483-2" version="2"><situationRecordCreationTime>2024-02-06T08:30:04.190+01:00</situationRecordCreationTime><situationRecordObservationTime>2024-02-06T16:51:19.857+01:00</situationRecordObservationTime><situationRecordVersionTime>2024-02-06T16:52:05.392+01:00</situationRecordVersionTime><situationRecordFirstSupplierVersionTime>2024-02-06T08:30:04.190+01:00</situationRecordFirstSupplierVersionTime><probabilityOfOccurrence>probable</probabilityOfOccurrence><source><sourceIdentification>Direction interdépartementale des routes/DIR Centre-Est</sourceIdentification><sourceName><values><value lang="fr">CEI Roanne</value></values></sourceName><reliable>true</reliable></source><validity><validityStatus>definedByValidityTimeSpec</validityStatus><validityTimeSpecification><overallStartTime>2024-02-07T08:30:00.000+01:00</overallStartTime><overallEndTime>2024-02-07T17:30:00.000+01:00</overallEndTime><validPeriod><periodName><values><value lang="FR">Uniquement de jour</value></values></periodName></validPeriod></validityTimeSpecification></validity><impact><originalNumberOfLanes>2</originalNumberOfLanes></impact><generalPublicComment><comment><values><value lang="fr">DIR Centre-Est/District Moulins/CEI Roanne</value></values></comment><commentType>locationDescriptor</commentType></generalPublicComment><generalPublicComment><comment><values><value lang="fr">Point particulier : début : situé 4588 m à l'est de Saint-Martin-d'estréaux, fin : situé 4033 m à l'ouest de Changy</value></values></comment><commentType>locationDescriptor</commentType></generalPublicComment><generalPublicComment><comment><values><value lang="fr">De Paris vers Italie - Genova</value></values></comment><commentType>locationDescriptor</commentType></generalPublicComment><groupOfLocations xsi:type="Linear"><tpegLinearLocation><tpegDirection>southBound</tpegDirection><tpegLinearLocationType>segment</tpegLinearLocationType><to xsi:type="TpegNonJunctionPoint"><pointCoordinates><latitude>46.181934</latitude><longitude>3.8753839</longitude></pointCoordinates><name><descriptor><values><value lang="fr">La Pacaudière</value></values></descriptor><tpegOtherPointDescriptorType>townName</tpegOtherPointDescriptorType></name><name><descriptor><values><value lang="fr">N7</value></values></descriptor><tpegOtherPointDescriptorType>linkName</tpegOtherPointDescriptorType></name></to><from xsi:type="TpegNonJunctionPoint"><pointCoordinates><latitude>46.1924</latitude><longitude>3.8540514</longitude></pointCoordinates><name><descriptor><values><value lang="fr">La Pacaudière</value></values></descriptor><tpegOtherPointDescriptorType>townName</tpegOtherPointDescriptorType></name><name><descriptor><values><value lang="fr">N7</value></values></descriptor><tpegOtherPointDescriptorType>linkName</tpegOtherPointDescriptorType></name></from></tpegLinearLocation><alertCLinear xsi:type="AlertCMethod4Linear"><alertCLocationCountryCode>F</alertCLocationCountryCode><alertCLocationTableNumber>32</alertCLocationTableNumber><alertCLocationTableVersion>11.0</alertCLocationTableVersion><alertCDirection><alertCDirectionCoded>positive</alertCDirectionCoded></alertCDirection><alertCMethod4PrimaryPointLocation><alertCLocation><alertCLocationName><values><value lang="fr">Changy</value></values></alertCLocationName><specificLocation>32434</specificLocation></alertCLocation><offsetDistance><offsetDistance>4033</offsetDistance></offsetDistance></alertCMethod4PrimaryPointLocation><alertCMethod4SecondaryPointLocation><alertCLocation><alertCLocationName><values><value lang="fr">Saint-Martin-d'estréaux</value></values></alertCLocationName><specificLocation>32433</specificLocation></alertCLocation><offsetDistance><offsetDistance>4588</offsetDistance></offsetDistance></alertCMethod4SecondaryPointLocation></alertCLinear><linearWithinLinearElement><directionRelativeOnLinearSection>aligned</directionRelativeOnLinearSection><linearElement><roadNumber>N0007</roadNumber></linearElement><fromPoint xsi:type="DistanceFromLinearElementReferent"><distanceAlong>500.0</distanceAlong><fromReferent><referentIdentifier>42PR8D</referentIdentifier><referentType>referenceMarker</referentType></fromReferent></fromPoint><toPoint xsi:type="DistanceFromLinearElementReferent"><distanceAlong>-513.0</distanceAlong><fromReferent><referentIdentifier>42PR7D</referentIdentifier><referentType>referenceMarker</referentType></fromReferent></toPoint></linearWithinLinearElement></groupOfLocations><situationRecordExtension><situationRecordExtendedApproved><safetyRelatedMessage>false</safetyRelatedMessage></situationRecordExtendedApproved></situationRecordExtension><complianceOption>mandatory</complianceOption><roadOrCarriagewayOrLaneManagementType>laneClosures</roadOrCarriagewayOrLaneManagementType></situationRecord></situation></payloadPublication></d2LogicalModel></soap:Body></soap:Envelope>