<?xml version="1.0" encoding="UTF-8"?><soap:Envelope xmlns:soap="http://www.w3.org/2003/05/soap-envelope"><soap:Body><d2LogicalModel xmlns="http://datex2.eu/schema/2/2_0" modelBaseVersion="2"><exchange><supplierIdentification><country>fr</country><nationalIdentifier>Tipi</nationalIdentifier></supplierIdentification><subscription><operatingMode>operatingMode1</operatingMode><subscriptionStartTime>2024-10-30T15:46:47.875+01:00</subscriptionStartTime><subscriptionState>active</subscriptionState><updateMethod>allElementUpdate</updateMethod><target><address/><protocol/></target></subscription></exchange><payloadPublication xmlns:xsi="http://www.w3.org/2001/XMLSchema-instance" xsi:type="SituationPublication" lang="fr"><publicationTime>2024-10-30T15:46:47.875+01:00</publicationTime><publicationCreator><country>fr</country><nationalIdentifier>Tipi</nationalIdentifier></publicationCreator><situation id="241030-001297" version="2"><overallSeverity>medium</overallSeverity><situationVersionTime>2024-10-30T15:46:47.288+01:00</situationVersionTime><headerInformation><confidentiality>noRestriction</confidentiality><informationStatus>real</informationStatus></headerInformation><situationRecord xsi:type="VehicleObstruction" id="241030-001297-1" version="2"><situationRecordCreationTime>2024-10-30T13:29:01.383+01:00</situationRecordCreationTime><situationRecordObservationTime>2024-10-30T15:46:47.288+01:00</situationRecordObservationTime><situationRecordVersionTime>2024-10-30T15:46:47.288+01:00</situationRecordVersionTime><situationRecordFirstSupplierVersionTime>2024-10-30T13:29:01.383+01:00</situationRecordFirstSupplierVersionTime><probabilityOfOccurrence>certain</probabilityOfOccurrence><source><sourceIdentification>Direction interdépartementale des routes/DIR Centre-Ouest</sourceIdentification><sourceName><values><value lang="fr">CEI Poitiers</value></values></sourceName><reliable>true</reliable></source><validity><validityStatus>definedByValidityTimeSpec</validityStatus><validityTimeSpecification><overallStartTime>2024-10-30T13:29:01.383+01:00</overallStartTime></validityTimeSpecification></validity><generalPublicComment><comment><values><value lang="fr">DIR Centre-Ouest/District Poitiers/CEI Poitiers</value></values></comment><commentType>locationDescriptor</commentType></generalPublicComment><generalPublicComment><comment><values><value lang="fr">situé 1505 m au sud de Poitiers</value></values></comment><commentType>locationDescriptor</commentType></generalPublicComment><generalPublicComment><comment><values><value lang="fr">De Limoges vers Poitiers</value></values></comment><commentType>locationDescriptor</commentType></generalPublicComment><groupOfLocations xsi:type="Point"><tpegPointLocation xsi:type="TpegSimplePoint"><tpegDirection>northBound</tpegDirection><tpegSimplePointLocationType>nonLinkedPoint</tpegSimplePointLocationType><point xsi:type="TpegNonJunctionPoint"><pointCoordinates><latitude>46.544075</latitude><longitude>0.41359806</longitude></pointCoordinates><name><descriptor><values><value lang="fr">Mignaloux-Beauvoir</value></values></descriptor><tpegOtherPointDescriptorType>townName</tpegOtherPointDescriptorType></name><name><descriptor><values><value lang="fr">N147</value></values></descriptor><tpegOtherPointDescriptorType>linkName</tpegOtherPointDescriptorType></name></point></tpegPointLocation><alertCPoint xsi:type="AlertCMethod4Point"><alertCLocationCountryCode>F</alertCLocationCountryCode><alertCLocationTableNumber>32</alertCLocationTableNumber><alertCLocationTableVersion>11.0</alertCLocationTableVersion><alertCDirection><alertCDirectionCoded>positive</alertCDirectionCoded></alertCDirection><alertCMethod4PrimaryPointLocation><alertCLocation><alertCLocationName><values><value lang="fr">Poitiers</value></values></alertCLocationName><specificLocation>17576</specificLocation></alertCLocation><offsetDistance><offsetDistance>1505</offsetDistance></offsetDistance></alertCMethod4PrimaryPointLocation></alertCPoint><pointAlongLinearElement><directionRelativeAtPoint>aligned</directionRelativeAtPoint><linearElement><roadNumber>N0147</roadNumber></linearElement><distanceAlongLinearElement xsi:type="DistanceFromLinearElementReferent"><distanceAlong>0.0</distanceAlong><fromReferent><referentIdentifier>86PR49U</referentIdentifier><referentType>referenceMarker</referentType></fromReferent></distanceAlongLinearElement></pointAlongLinearElement></groupOfLocations><management><lifeCycleManagement><end>true</end></lifeCycleManagement></management><situationRecordExtension><situationRecordExtendedApproved><safetyRelatedMessage>true</safetyRelatedMessage></situationRecordExtendedApproved></situationRecordExtension><vehicleObstructionType>brokenDownVehicle</vehicleObstructionType><obstructingVehicle><vehicleCharacteristics><vehicleType>car</vehicleType></vehicleCharacteristics></obstructingVehicle></situationRecord></situation></payloadPublication></d2LogicalModel></soap:Body></soap:Envelope>