<?xml version="1.0" encoding="UTF-8"?><soap:Envelope xmlns:soap="http://www.w3.org/2003/05/soap-envelope"><soap:Body><d2LogicalModel xmlns="http://datex2.eu/schema/2/2_0" modelBaseVersion="2"><exchange><supplierIdentification><country>fr</country><nationalIdentifier>Tipi</nationalIdentifier></supplierIdentification><subscription><operatingMode>operatingMode1</operatingMode><subscriptionStartTime>2023-01-17T19:50:42.005+01:00</subscriptionStartTime><subscriptionState>active</subscriptionState><updateMethod>allElementUpdate</updateMethod><target><address/><protocol/></target></subscription></exchange><payloadPublication xmlns:xsi="http://www.w3.org/2001/XMLSchema-instance" xsi:type="SituationPublication" lang="fr"><publicationTime>2023-01-17T19:50:42.005+01:00</publicationTime><publicationCreator><country>fr</country><nationalIdentifier>Tipi</nationalIdentifier></publicationCreator><situation id="230117-002300" version="1"><overallSeverity>medium</overallSeverity><situationVersionTime>2023-01-17T19:50:41.151+01:00</situationVersionTime><headerInformation><confidentiality>noRestriction</confidentiality><informationStatus>real</informationStatus></headerInformation><situationRecord xsi:type="MaintenanceWorks" id="230117-002300-1" version="1"><situationRecordCreationReference>EVE_DIRMC230117-000053-EVE_DIRMC230117-000068</situationRecordCreationReference><situationRecordCreationTime>2023-01-17T19:50:37.547+01:00</situationRecordCreationTime><situationRecordObservationTime>2023-01-17T19:50:37.451+01:00</situationRecordObservationTime><situationRecordVersionTime>2023-01-17T19:50:41.151+01:00</situationRecordVersionTime><situationRecordFirstSupplierVersionTime>2023-01-17T19:50:37.547+01:00</situationRecordFirstSupplierVersionTime><probabilityOfOccurrence>certain</probabilityOfOccurrence><source><sourceIdentification>Direction interdépartementale des routes/DIR Massif-Central</sourceIdentification><reliable>true</reliable></source><validity><validityStatus>definedByValidityTimeSpec</validityStatus><validityTimeSpecification><overallStartTime>2023-01-17T19:50:37.289+01:00</overallStartTime></validityTimeSpecification></validity><impact><numberOfLanesRestricted>2</numberOfLanesRestricted><originalNumberOfLanes>2</originalNumberOfLanes></impact><generalPublicComment><comment><values><value lang="fr">Hors voie de circulation</value></values></comment><commentType>locationDescriptor</commentType></generalPublicComment><generalPublicComment><comment><values><value lang="fr">DIR Massif-Central/District Sud/CEI La-Cavalerie</value></values></comment><commentType>locationDescriptor</commentType></generalPublicComment><generalPublicComment><comment><values><value lang="fr">
Salage en cours</value></values></comment><commentType>description</commentType></generalPublicComment><generalPublicComment><comment><values><value lang="fr">Point particulier : début : situé 4878 m au sud de La Gamasse, fin : situé 4753 m au nord de Le Caylar</value></values></comment><commentType>locationDescriptor</commentType></generalPublicComment><generalPublicComment><comment><values><value lang="fr">De Clermont-Ferrand vers Béziers</value></values></comment><commentType>locationDescriptor</commentType></generalPublicComment><groupOfLocations xsi:type="Linear"><supplementaryPositionalDescription><affectedCarriagewayAndLanes><carriageway>mainCarriageway</carriageway><lane>allLanesCompleteCarriageway</lane><lane>hardShoulder</lane></affectedCarriagewayAndLanes></supplementaryPositionalDescription><tpegLinearLocation><tpegDirection>eastBound</tpegDirection><tpegLinearLocationType>segment</tpegLinearLocationType><to xsi:type="TpegNonJunctionPoint"><pointCoordinates><latitude>43.8964</latitude><longitude>3.2809708</longitude></pointCoordinates><name><descriptor><values><value lang="fr">La Couvertoirade</value></values></descriptor><tpegOtherPointDescriptorType>townName</tpegOtherPointDescriptorType></name><name><descriptor><values><value lang="fr">A75</value></values></descriptor><tpegOtherPointDescriptorType>linkName</tpegOtherPointDescriptorType></name></to><from xsi:type="TpegNonJunctionPoint"><pointCoordinates><latitude>44.138348</latitude><longitude>3.0202498</longitude></pointCoordinates><name><descriptor><values><value lang="fr">Millau</value></values></descriptor><tpegOtherPointDescriptorType>townName</tpegOtherPointDescriptorType></name><name><descriptor><values><value lang="fr">A75</value></values></descriptor><tpegOtherPointDescriptorType>linkName</tpegOtherPointDescriptorType></name></from></tpegLinearLocation><alertCLinear xsi:type="AlertCMethod4Linear"><alertCLocationCountryCode>F</alertCLocationCountryCode><alertCLocationTableNumber>32</alertCLocationTableNumber><alertCLocationTableVersion>11.0</alertCLocationTableVersion><alertCDirection><alertCDirectionCoded>positive</alertCDirectionCoded></alertCDirection><alertCMethod4PrimaryPointLocation><alertCLocation><alertCLocationName><values><value lang="fr">Le Caylar</value></values></alertCLocationName><specificLocation>37047</specificLocation></alertCLocation><offsetDistance><offsetDistance>4753</offsetDistance></offsetDistance></alertCMethod4PrimaryPointLocation><alertCMethod4SecondaryPointLocation><alertCLocation><alertCLocationName><values><value lang="fr">La Gamasse</value></values></alertCLocationName><specificLocation>19111</specificLocation></alertCLocation><offsetDistance><offsetDistance>4878</offsetDistance></offsetDistance></alertCMethod4SecondaryPointLocation></alertCLinear><linearWithinLinearElement><directionRelativeOnLinearSection>aligned</directionRelativeOnLinearSection><linearElement><roadNumber>A0075</roadNumber></linearElement><fromPoint xsi:type="DistanceFromLinearElementReferent"><distanceAlong>440.0</distanceAlong><fromReferent><referentIdentifier>12PR252D</referentIdentifier><referentType>referenceMarker</referentType></fromReferent></fromPoint><toPoint xsi:type="DistanceFromLinearElementReferent"><distanceAlong>0.0</distanceAlong><fromReferent><referentIdentifier>12PR215D</referentIdentifier><referentType>referenceMarker</referentType></fromReferent></toPoint></linearWithinLinearElement></groupOfLocations><situationRecordExtension><situationRecordExtendedApproved><safetyRelatedMessage>false</safetyRelatedMessage></situationRecordExtendedApproved></situationRecordExtension><mobility><mobilityType>stationary</mobilityType></mobility><roadMaintenanceType>maintenanceWork</roadMaintenanceType></situationRecord></situation></payloadPublication></d2LogicalModel></soap:Body></soap:Envelope>