<?xml version="1.0" encoding="UTF-8"?><soap:Envelope xmlns:soap="http://www.w3.org/2003/05/soap-envelope"><soap:Body><d2LogicalModel xmlns="http://datex2.eu/schema/2/2_0" modelBaseVersion="2"><exchange><supplierIdentification><country>fr</country><nationalIdentifier>Tipi</nationalIdentifier></supplierIdentification><subscription><operatingMode>operatingMode1</operatingMode><subscriptionStartTime>2023-09-17T09:24:52.886+02:00</subscriptionStartTime><subscriptionState>active</subscriptionState><updateMethod>allElementUpdate</updateMethod><target><address/><protocol/></target></subscription></exchange><payloadPublication xmlns:xsi="http://www.w3.org/2001/XMLSchema-instance" xsi:type="SituationPublication" lang="fr"><publicationTime>2023-09-17T09:24:52.886+02:00</publicationTime><publicationCreator><country>fr</country><nationalIdentifier>Tipi</nationalIdentifier></publicationCreator><situation id="230917-000206" version="1"><overallSeverity>low</overallSeverity><situationVersionTime>2023-09-17T09:24:52.390+02:00</situationVersionTime><headerInformation><confidentiality>noRestriction</confidentiality><informationStatus>real</informationStatus></headerInformation><situationRecord xsi:type="VehicleObstruction" id="230917-000206-1" version="1"><situationRecordCreationTime>2023-09-17T09:17:17.063+02:00</situationRecordCreationTime><situationRecordObservationTime>2023-09-17T09:17:17.063+02:00</situationRecordObservationTime><situationRecordVersionTime>2023-09-17T09:24:52.390+02:00</situationRecordVersionTime><situationRecordFirstSupplierVersionTime>2023-09-17T09:17:17.063+02:00</situationRecordFirstSupplierVersionTime><probabilityOfOccurrence>certain</probabilityOfOccurrence><source><sourceIdentification>Direction interdépartementale des routes/DIR Centre-Est</sourceIdentification><sourceName><values><value lang="fr">CEI Montchanin</value></values></sourceName><reliable>true</reliable></source><validity><validityStatus>definedByValidityTimeSpec</validityStatus><validityTimeSpecification><overallStartTime>2023-09-17T09:15:00.000+02:00</overallStartTime><overallEndTime>2023-09-17T13:00:00.000+02:00</overallEndTime><validPeriod><periodName><values><value lang="FR">Uniquement de jour</value></values></periodName></validPeriod></validityTimeSpecification></validity><impact><originalNumberOfLanes>2</originalNumberOfLanes></impact><generalPublicComment><comment><values><value lang="fr">DIR Centre-Est/District Mâcon/CEI Montchanin</value></values></comment><commentType>locationDescriptor</commentType></generalPublicComment><generalPublicComment><comment><values><value lang="fr">situé 6682 m à l'est de 42131</value></values></comment><commentType>locationDescriptor</commentType></generalPublicComment><generalPublicComment><comment><values><value lang="fr">De Chalon-sur-Saône vers Autun</value></values></comment><commentType>locationDescriptor</commentType></generalPublicComment><groupOfLocations xsi:type="Point"><supplementaryPositionalDescription><affectedCarriagewayAndLanes><carriageway>mainCarriageway</carriageway><lane>layBy</lane></affectedCarriagewayAndLanes></supplementaryPositionalDescription><tpegPointLocation xsi:type="TpegSimplePoint"><tpegDirection>westBound</tpegDirection><tpegSimplePointLocationType>nonLinkedPoint</tpegSimplePointLocationType><point xsi:type="TpegNonJunctionPoint"><pointCoordinates><latitude>46.755592</latitude><longitude>4.8099246</longitude></pointCoordinates><name><descriptor><values><value lang="fr">Saint-Rémy</value></values></descriptor><tpegOtherPointDescriptorType>townName</tpegOtherPointDescriptorType></name><name><descriptor><values><value lang="fr">N80</value></values></descriptor><tpegOtherPointDescriptorType>linkName</tpegOtherPointDescriptorType></name></point></tpegPointLocation><alertCPoint xsi:type="AlertCMethod4Point"><alertCLocationCountryCode>F</alertCLocationCountryCode><alertCLocationTableNumber>32</alertCLocationTableNumber><alertCLocationTableVersion>11.0</alertCLocationTableVersion><alertCDirection><alertCDirectionCoded>positive</alertCDirectionCoded></alertCDirection><alertCMethod4PrimaryPointLocation><alertCLocation><alertCLocationName><values><value lang="fr"/></values></alertCLocationName><specificLocation>42131</specificLocation></alertCLocation><offsetDistance><offsetDistance>6682</offsetDistance></offsetDistance></alertCMethod4PrimaryPointLocation></alertCPoint><pointAlongLinearElement><directionRelativeAtPoint>aligned</directionRelativeAtPoint><linearElement><roadNumber>N0080</roadNumber></linearElement><distanceAlongLinearElement xsi:type="DistanceFromLinearElementReferent"><distanceAlong>900.0</distanceAlong><fromReferent><referentIdentifier>71PR13D</referentIdentifier><referentType>referenceMarker</referentType></fromReferent></distanceAlongLinearElement></pointAlongLinearElement></groupOfLocations><situationRecordExtension><situationRecordExtendedApproved><safetyRelatedMessage>true</safetyRelatedMessage></situationRecordExtendedApproved></situationRecordExtension><vehicleObstructionType>abandonedVehicle</vehicleObstructionType><obstructingVehicle><vehicleCharacteristics><vehicleType>car</vehicleType></vehicleCharacteristics></obstructingVehicle></situationRecord></situation></payloadPublication></d2LogicalModel></soap:Body></soap:Envelope>