<?xml version="1.0" encoding="UTF-8"?><soap:Envelope xmlns:soap="http://www.w3.org/2003/05/soap-envelope"><soap:Body><d2LogicalModel xmlns="http://datex2.eu/schema/2/2_0" modelBaseVersion="2"><exchange><supplierIdentification><country>fr</country><nationalIdentifier>Tipi</nationalIdentifier></supplierIdentification><subscription><operatingMode>operatingMode1</operatingMode><subscriptionStartTime>2023-11-30T21:26:14.374+01:00</subscriptionStartTime><subscriptionState>active</subscriptionState><updateMethod>allElementUpdate</updateMethod><target><address/><protocol/></target></subscription></exchange><payloadPublication xmlns:xsi="http://www.w3.org/2001/XMLSchema-instance" xsi:type="SituationPublication" lang="fr"><publicationTime>2023-11-30T21:26:14.374+01:00</publicationTime><publicationCreator><country>fr</country><nationalIdentifier>Tipi</nationalIdentifier></publicationCreator><situation id="231130-001772" version="2"><overallSeverity>medium</overallSeverity><situationVersionTime>2023-11-30T21:26:13.999+01:00</situationVersionTime><headerInformation><confidentiality>noRestriction</confidentiality><informationStatus>real</informationStatus></headerInformation><situationRecord xsi:type="NonWeatherRelatedRoadConditions" id="231130-001772-1" version="2"><situationRecordCreationReference>EVE_DIRMC231130-000039-EVE_DIRMC231130-000039</situationRecordCreationReference><situationRecordCreationTime>2023-11-30T16:39:03.085+01:00</situationRecordCreationTime><situationRecordObservationTime>2023-11-30T21:26:09.955+01:00</situationRecordObservationTime><situationRecordVersionTime>2023-11-30T21:26:13.999+01:00</situationRecordVersionTime><situationRecordFirstSupplierVersionTime>2023-11-30T16:39:03.085+01:00</situationRecordFirstSupplierVersionTime><probabilityOfOccurrence>certain</probabilityOfOccurrence><source><sourceIdentification>Direction interdépartementale des routes/DIR Massif-Central</sourceIdentification><reliable>true</reliable></source><validity><validityStatus>definedByValidityTimeSpec</validityStatus><validityTimeSpecification><overallStartTime>2023-11-30T16:39:02.947+01:00</overallStartTime><overallEndTime>2023-11-30T21:26:09.946+01:00</overallEndTime></validityTimeSpecification></validity><impact><numberOfLanesRestricted>0</numberOfLanesRestricted><originalNumberOfLanes>1</originalNumberOfLanes></impact><generalPublicComment><comment><values><value lang="fr">DIR Massif-Central/District Centre/CEI Mende</value></values></comment><commentType>locationDescriptor</commentType></generalPublicComment><generalPublicComment><comment><values><value lang="fr">Point particulier : début : situé 129 m à l'ouest de Mende, fin : situé 6550 m à l'est de Barjac ouest</value></values></comment><commentType>locationDescriptor</commentType></generalPublicComment><groupOfLocations xsi:type="Linear"><tpegLinearLocation><tpegDirection>bothWays</tpegDirection><tpegLinearLocationType>segment</tpegLinearLocationType><to xsi:type="TpegNonJunctionPoint"><pointCoordinates><latitude>44.481922</latitude><longitude>3.4545503</longitude></pointCoordinates><name><descriptor><values><value lang="fr">Balsièges</value></values></descriptor><tpegOtherPointDescriptorType>townName</tpegOtherPointDescriptorType></name><name><descriptor><values><value lang="fr">N88</value></values></descriptor><tpegOtherPointDescriptorType>linkName</tpegOtherPointDescriptorType></name></to><from xsi:type="TpegNonJunctionPoint"><pointCoordinates><latitude>44.517826</latitude><longitude>3.4956465</longitude></pointCoordinates><name><descriptor><values><value lang="fr">Mende</value></values></descriptor><tpegOtherPointDescriptorType>townName</tpegOtherPointDescriptorType></name><name><descriptor><values><value lang="fr">N88</value></values></descriptor><tpegOtherPointDescriptorType>linkName</tpegOtherPointDescriptorType></name></from></tpegLinearLocation><alertCLinear xsi:type="AlertCMethod4Linear"><alertCLocationCountryCode>F</alertCLocationCountryCode><alertCLocationTableNumber>32</alertCLocationTableNumber><alertCLocationTableVersion>11.0</alertCLocationTableVersion><alertCDirection><alertCDirectionCoded>both</alertCDirectionCoded></alertCDirection><alertCMethod4PrimaryPointLocation><alertCLocation><alertCLocationName><values><value lang="fr">Barjac ouest</value></values></alertCLocationName><specificLocation>37277</specificLocation></alertCLocation><offsetDistance><offsetDistance>6550</offsetDistance></offsetDistance></alertCMethod4PrimaryPointLocation><alertCMethod4SecondaryPointLocation><alertCLocation><alertCLocationName><values><value lang="fr">Mende</value></values></alertCLocationName><specificLocation>37275</specificLocation></alertCLocation><offsetDistance><offsetDistance>129</offsetDistance></offsetDistance></alertCMethod4SecondaryPointLocation></alertCLinear><linearWithinLinearElement><directionRelativeOnLinearSection>both</directionRelativeOnLinearSection><linearElement><roadNumber>N0088</roadNumber></linearElement><fromPoint xsi:type="DistanceFromLinearElementReferent"><distanceAlong>1.0</distanceAlong><fromReferent><referentIdentifier>48PR59U</referentIdentifier><referentType>referenceMarker</referentType></fromReferent></fromPoint><toPoint xsi:type="DistanceFromLinearElementReferent"><distanceAlong>0.0</distanceAlong><fromReferent><referentIdentifier>48PR52U</referentIdentifier><referentType>referenceMarker</referentType></fromReferent></toPoint></linearWithinLinearElement></groupOfLocations><management><lifeCycleManagement><end>true</end></lifeCycleManagement></management><situationRecordExtension><situationRecordExtendedApproved><safetyRelatedMessage>true</safetyRelatedMessage></situationRecordExtendedApproved></situationRecordExtension><nonWeatherRelatedRoadConditionType>petrolOnRoad</nonWeatherRelatedRoadConditionType></situationRecord></situation></payloadPublication></d2LogicalModel></soap:Body></soap:Envelope>