<?xml version="1.0" encoding="UTF-8"?><soap:Envelope xmlns:soap="http://www.w3.org/2003/05/soap-envelope"><soap:Body><d2LogicalModel xmlns="http://datex2.eu/schema/2/2_0" modelBaseVersion="2"><exchange><supplierIdentification><country>fr</country><nationalIdentifier>Tipi</nationalIdentifier></supplierIdentification><subscription><operatingMode>operatingMode1</operatingMode><subscriptionStartTime>2024-01-14T07:36:45.143+01:00</subscriptionStartTime><subscriptionState>active</subscriptionState><updateMethod>allElementUpdate</updateMethod><target><address/><protocol/></target></subscription></exchange><payloadPublication xmlns:xsi="http://www.w3.org/2001/XMLSchema-instance" xsi:type="SituationPublication" lang="fr"><publicationTime>2024-01-14T07:36:45.143+01:00</publicationTime><publicationCreator><country>fr</country><nationalIdentifier>Tipi</nationalIdentifier></publicationCreator><situation id="240114-000266" version="1"><overallSeverity>medium</overallSeverity><situationVersionTime>2024-01-14T07:36:44.910+01:00</situationVersionTime><headerInformation><confidentiality>noRestriction</confidentiality><informationStatus>real</informationStatus></headerInformation><situationRecord xsi:type="WeatherRelatedRoadConditions" id="240114-000266-1" version="1"><situationRecordCreationTime>2024-01-14T07:36:44.380+01:00</situationRecordCreationTime><situationRecordObservationTime>2024-01-14T07:33:07.169+01:00</situationRecordObservationTime><situationRecordVersionTime>2024-01-14T07:36:44.910+01:00</situationRecordVersionTime><situationRecordFirstSupplierVersionTime>2024-01-14T07:36:44.380+01:00</situationRecordFirstSupplierVersionTime><probabilityOfOccurrence>riskOf</probabilityOfOccurrence><source><sourceIdentification>Direction interdépartementale des routes/DIR Massif-Central</sourceIdentification><sourceType>roadOperatorPatrol</sourceType><reliable>true</reliable></source><validity><validityStatus>definedByValidityTimeSpec</validityStatus><validityTimeSpecification><overallStartTime>2024-01-14T07:33:07.169+01:00</overallStartTime></validityTimeSpecification></validity><generalPublicComment><comment><values><value lang="fr">Traitement en cours</value></values></comment><commentType>internalNote</commentType></generalPublicComment><generalPublicComment><comment><values><value lang="fr">DIR Massif-Central/District Centre/CEI Mende</value></values></comment><commentType>locationDescriptor</commentType></generalPublicComment><generalPublicComment><comment><values><value lang="fr">Point particulier : début : situé 870 m à l'ouest de Col de la Pierre Plantée, fin : situé 6971 m à l'est de Balsièges</value></values></comment><commentType>locationDescriptor</commentType></generalPublicComment><groupOfLocations xsi:type="Linear"><tpegLinearLocation><tpegDirection>bothWays</tpegDirection><tpegLinearLocationType>segment</tpegLinearLocationType><to xsi:type="TpegNonJunctionPoint"><pointCoordinates><latitude>44.517826</latitude><longitude>3.4956465</longitude></pointCoordinates><name><descriptor><values><value lang="fr">Mende</value></values></descriptor><tpegOtherPointDescriptorType>townName</tpegOtherPointDescriptorType></name><name><descriptor><values><value lang="fr">N88</value></values></descriptor><tpegOtherPointDescriptorType>linkName</tpegOtherPointDescriptorType></name></to><from xsi:type="TpegNonJunctionPoint"><pointCoordinates><latitude>44.5877</latitude><longitude>3.6586187</longitude></pointCoordinates><name><descriptor><values><value lang="fr">Laubert</value></values></descriptor><tpegOtherPointDescriptorType>townName</tpegOtherPointDescriptorType></name><name><descriptor><values><value lang="fr">N88</value></values></descriptor><tpegOtherPointDescriptorType>linkName</tpegOtherPointDescriptorType></name></from></tpegLinearLocation><alertCLinear xsi:type="AlertCMethod4Linear"><alertCLocationCountryCode>F</alertCLocationCountryCode><alertCLocationTableNumber>32</alertCLocationTableNumber><alertCLocationTableVersion>11.0</alertCLocationTableVersion><alertCDirection><alertCDirectionCoded>both</alertCDirectionCoded></alertCDirection><alertCMethod4PrimaryPointLocation><alertCLocation><alertCLocationName><values><value lang="fr">Balsièges</value></values></alertCLocationName><specificLocation>37276</specificLocation></alertCLocation><offsetDistance><offsetDistance>6971</offsetDistance></offsetDistance></alertCMethod4PrimaryPointLocation><alertCMethod4SecondaryPointLocation><alertCLocation><alertCLocationName><values><value lang="fr">Col de la Pierre Plantée</value></values></alertCLocationName><specificLocation>37273</specificLocation></alertCLocation><offsetDistance><offsetDistance>870</offsetDistance></offsetDistance></alertCMethod4SecondaryPointLocation></alertCLinear><linearWithinLinearElement><directionRelativeOnLinearSection>both</directionRelativeOnLinearSection><linearElement><roadNumber>N0088</roadNumber></linearElement><fromPoint xsi:type="DistanceFromLinearElementReferent"><distanceAlong>0.0</distanceAlong><fromReferent><referentIdentifier>48PR52U</referentIdentifier><referentType>referenceMarker</referentType></fromReferent></fromPoint><toPoint xsi:type="DistanceFromLinearElementReferent"><distanceAlong>0.0</distanceAlong><fromReferent><referentIdentifier>48PR29U</referentIdentifier><referentType>referenceMarker</referentType></fromReferent></toPoint></linearWithinLinearElement></groupOfLocations><situationRecordExtension><situationRecordExtendedApproved><safetyRelatedMessage>true</safetyRelatedMessage></situationRecordExtendedApproved></situationRecordExtension><drivingConditionType>passableWithCare</drivingConditionType><weatherRelatedRoadConditionType>blackIce</weatherRelatedRoadConditionType></situationRecord></situation></payloadPublication></d2LogicalModel></soap:Body></soap:Envelope>