<?xml version="1.0" encoding="UTF-8"?><soap:Envelope xmlns:soap="http://www.w3.org/2003/05/soap-envelope"><soap:Body><d2LogicalModel xmlns="http://datex2.eu/schema/2/2_0" modelBaseVersion="2"><exchange><supplierIdentification><country>fr</country><nationalIdentifier>Tipi</nationalIdentifier></supplierIdentification><subscription><operatingMode>operatingMode1</operatingMode><subscriptionStartTime>2022-09-29T06:19:37.744+02:00</subscriptionStartTime><subscriptionState>active</subscriptionState><updateMethod>allElementUpdate</updateMethod><target><address/><protocol/></target></subscription></exchange><payloadPublication xmlns:xsi="http://www.w3.org/2001/XMLSchema-instance" xsi:type="SituationPublication" lang="fr"><publicationTime>2022-09-29T06:19:37.744+02:00</publicationTime><publicationCreator><country>fr</country><nationalIdentifier>Tipi</nationalIdentifier></publicationCreator><situation id="220823-001285" version="37"><overallSeverity>high</overallSeverity><situationVersionTime>2022-09-29T06:19:34.911+02:00</situationVersionTime><headerInformation><confidentiality>noRestriction</confidentiality><informationStatus>real</informationStatus></headerInformation><situationRecord xsi:type="MaintenanceWorks" id="220823-001285-1" version="37"><situationRecordCreationTime>2022-08-23T14:57:01.359+02:00</situationRecordCreationTime><situationRecordObservationTime>2022-09-29T06:19:23.079+02:00</situationRecordObservationTime><situationRecordVersionTime>2022-09-29T06:19:34.911+02:00</situationRecordVersionTime><situationRecordFirstSupplierVersionTime>2022-08-23T14:57:01.359+02:00</situationRecordFirstSupplierVersionTime><probabilityOfOccurrence>certain</probabilityOfOccurrence><source><sourceIdentification>Direction interdépartementale des routes/DIR Ouest</sourceIdentification><sourceName><values><value lang="fr">CEI de Savenay</value></values></sourceName><reliable>true</reliable></source><validity><validityStatus>definedByValidityTimeSpec</validityStatus><validityTimeSpecification><overallStartTime>2022-09-05T20:30:00.000+02:00</overallStartTime><overallEndTime>2022-10-28T06:00:00.000+02:00</overallEndTime><validPeriod><periodName><values><value lang="FR">Uniquement de nuit</value></values></periodName></validPeriod><exceptionPeriod><periodName><values><value lang="FR">week-end et jours fériés</value></values></periodName></exceptionPeriod></validityTimeSpecification></validity><impact><originalNumberOfLanes>2</originalNumberOfLanes></impact><generalPublicComment><comment><values><value lang="fr">DIR Ouest/District de Nantes/CEI de Savenay</value></values></comment><commentType>locationDescriptor</commentType></generalPublicComment><generalPublicComment><comment><values><value lang="fr">Point particulier : début : situé 3230 m à l'ouest de Donges, fin : situé 3474 m à l'est de Saint-Nazaire Nord</value></values></comment><commentType>locationDescriptor</commentType></generalPublicComment><generalPublicComment><comment><values><value lang="fr">De Laval vers Saint-Nazaire</value></values></comment><commentType>locationDescriptor</commentType></generalPublicComment><groupOfLocations xsi:type="Linear"><tpegLinearLocation><tpegDirection>westBound</tpegDirection><tpegLinearLocationType>segment</tpegLinearLocationType><to xsi:type="TpegNonJunctionPoint"><pointCoordinates><latitude>47.324593</latitude><longitude>-2.172001</longitude></pointCoordinates><name><descriptor><values><value lang="fr">Montoir-de-Bretagne</value></values></descriptor><tpegOtherPointDescriptorType>townName</tpegOtherPointDescriptorType></name><name><descriptor><values><value lang="fr">N171</value></values></descriptor><tpegOtherPointDescriptorType>linkName</tpegOtherPointDescriptorType></name></to><from xsi:type="TpegNonJunctionPoint"><pointCoordinates><latitude>47.328</latitude><longitude>-2.1328874</longitude></pointCoordinates><name><descriptor><values><value lang="fr">Montoir-de-Bretagne</value></values></descriptor><tpegOtherPointDescriptorType>townName</tpegOtherPointDescriptorType></name><name><descriptor><values><value lang="fr">N171</value></values></descriptor><tpegOtherPointDescriptorType>linkName</tpegOtherPointDescriptorType></name></from></tpegLinearLocation><alertCLinear xsi:type="AlertCMethod4Linear"><alertCLocationCountryCode>F</alertCLocationCountryCode><alertCLocationTableNumber>32</alertCLocationTableNumber><alertCLocationTableVersion>11.0</alertCLocationTableVersion><alertCDirection><alertCDirectionCoded>positive</alertCDirectionCoded></alertCDirection><alertCMethod4PrimaryPointLocation><alertCLocation><alertCLocationName><values><value lang="fr">Saint-Nazaire Nord</value></values></alertCLocationName><specificLocation>47707</specificLocation></alertCLocation><offsetDistance><offsetDistance>3474</offsetDistance></offsetDistance></alertCMethod4PrimaryPointLocation><alertCMethod4SecondaryPointLocation><alertCLocation><alertCLocationName><values><value lang="fr">Donges</value></values></alertCLocationName><specificLocation>47705</specificLocation></alertCLocation><offsetDistance><offsetDistance>3230</offsetDistance></offsetDistance></alertCMethod4SecondaryPointLocation></alertCLinear><linearWithinLinearElement><directionRelativeOnLinearSection>aligned</directionRelativeOnLinearSection><linearElement><roadNumber>N0171</roadNumber></linearElement><fromPoint xsi:type="DistanceFromLinearElementReferent"><distanceAlong>350.0</distanceAlong><fromReferent><referentIdentifier>44PR85D</referentIdentifier><referentType>referenceMarker</referentType></fromReferent></fromPoint><toPoint xsi:type="DistanceFromLinearElementReferent"><distanceAlong>350.0</distanceAlong><fromReferent><referentIdentifier>44PR82D</referentIdentifier><referentType>referenceMarker</referentType></fromReferent></toPoint></linearWithinLinearElement></groupOfLocations><situationRecordExtension><situationRecordExtendedApproved><safetyRelatedMessage>false</safetyRelatedMessage></situationRecordExtendedApproved></situationRecordExtension><roadMaintenanceType>resurfacingWork</roadMaintenanceType></situationRecord><situationRecord xsi:type="SpeedManagement" id="220823-001285-2" version="37"><situationRecordCreationTime>2022-08-23T14:57:01.359+02:00</situationRecordCreationTime><situationRecordObservationTime>2022-09-29T06:19:23.079+02:00</situationRecordObservationTime><situationRecordVersionTime>2022-09-29T06:19:34.911+02:00</situationRecordVersionTime><situationRecordFirstSupplierVersionTime>2022-08-23T14:57:01.359+02:00</situationRecordFirstSupplierVersionTime><probabilityOfOccurrence>certain</probabilityOfOccurrence><source><sourceIdentification>Direction interdépartementale des routes/DIR Ouest</sourceIdentification><sourceName><values><value lang="fr">CEI de Savenay</value></values></sourceName><reliable>true</reliable></source><validity><validityStatus>definedByValidityTimeSpec</validityStatus><validityTimeSpecification><overallStartTime>2022-09-06T06:00:00.000+02:00</overallStartTime><overallEndTime>2022-10-27T20:30:00.000+02:00</overallEndTime><validPeriod><periodName><values><value lang="FR">Uniquement de jour</value></values></periodName></validPeriod></validityTimeSpecification></validity><impact><originalNumberOfLanes>2</originalNumberOfLanes></impact><generalPublicComment><comment><values><value lang="fr">DIR Ouest/District de Nantes/CEI de Savenay</value></values></comment><commentType>locationDescriptor</commentType></generalPublicComment><generalPublicComment><comment><values><value lang="fr">Point particulier : début : situé 3230 m à l'ouest de Donges, fin : situé 3474 m à l'est de Saint-Nazaire Nord</value></values></comment><commentType>locationDescriptor</commentType></generalPublicComment><generalPublicComment><comment><values><value lang="fr">De Laval vers Saint-Nazaire</value></values></comment><commentType>locationDescriptor</commentType></generalPublicComment><groupOfLocations xsi:type="Linear"><supplementaryPositionalDescription><affectedCarriagewayAndLanes><carriageway>mainCarriageway</carriageway><lane>allLanesCompleteCarriageway</lane></affectedCarriagewayAndLanes></supplementaryPositionalDescription><tpegLinearLocation><tpegDirection>westBound</tpegDirection><tpegLinearLocationType>segment</tpegLinearLocationType><to xsi:type="TpegNonJunctionPoint"><pointCoordinates><latitude>47.324593</latitude><longitude>-2.172001</longitude></pointCoordinates><name><descriptor><values><value lang="fr">Montoir-de-Bretagne</value></values></descriptor><tpegOtherPointDescriptorType>townName</tpegOtherPointDescriptorType></name><name><descriptor><values><value lang="fr">N171</value></values></descriptor><tpegOtherPointDescriptorType>linkName</tpegOtherPointDescriptorType></name></to><from xsi:type="TpegNonJunctionPoint"><pointCoordinates><latitude>47.328</latitude><longitude>-2.1328874</longitude></pointCoordinates><name><descriptor><values><value lang="fr">Montoir-de-Bretagne</value></values></descriptor><tpegOtherPointDescriptorType>townName</tpegOtherPointDescriptorType></name><name><descriptor><values><value lang="fr">N171</value></values></descriptor><tpegOtherPointDescriptorType>linkName</tpegOtherPointDescriptorType></name></from></tpegLinearLocation><alertCLinear xsi:type="AlertCMethod4Linear"><alertCLocationCountryCode>F</alertCLocationCountryCode><alertCLocationTableNumber>32</alertCLocationTableNumber><alertCLocationTableVersion>11.0</alertCLocationTableVersion><alertCDirection><alertCDirectionCoded>positive</alertCDirectionCoded></alertCDirection><alertCMethod4PrimaryPointLocation><alertCLocation><alertCLocationName><values><value lang="fr">Saint-Nazaire Nord</value></values></alertCLocationName><specificLocation>47707</specificLocation></alertCLocation><offsetDistance><offsetDistance>3474</offsetDistance></offsetDistance></alertCMethod4PrimaryPointLocation><alertCMethod4SecondaryPointLocation><alertCLocation><alertCLocationName><values><value lang="fr">Donges</value></values></alertCLocationName><specificLocation>47705</specificLocation></alertCLocation><offsetDistance><offsetDistance>3230</offsetDistance></offsetDistance></alertCMethod4SecondaryPointLocation></alertCLinear><linearWithinLinearElement><directionRelativeOnLinearSection>aligned</directionRelativeOnLinearSection><linearElement><roadNumber>N0171</roadNumber></linearElement><fromPoint xsi:type="DistanceFromLinearElementReferent"><distanceAlong>350.0</distanceAlong><fromReferent><referentIdentifier>44PR85D</referentIdentifier><referentType>referenceMarker</referentType></fromReferent></fromPoint><toPoint xsi:type="DistanceFromLinearElementReferent"><distanceAlong>350.0</distanceAlong><fromReferent><referentIdentifier>44PR82D</referentIdentifier><referentType>referenceMarker</referentType></fromReferent></toPoint></linearWithinLinearElement></groupOfLocations><situationRecordExtension><situationRecordExtendedApproved><safetyRelatedMessage>false</safetyRelatedMessage></situationRecordExtendedApproved></situationRecordExtension><complianceOption>mandatory</complianceOption><speedManagementType>speedRestrictionInOperation</speedManagementType><temporarySpeedLimit>70.0</temporarySpeedLimit></situationRecord><situationRecord xsi:type="ReroutingManagement" id="220823-001285-3" version="37"><situationRecordCreationTime>2022-08-23T14:57:01.359+02:00</situationRecordCreationTime><situationRecordObservationTime>2022-09-29T06:19:23.079+02:00</situationRecordObservationTime><situationRecordVersionTime>2022-09-29T06:19:34.911+02:00</situationRecordVersionTime><situationRecordFirstSupplierVersionTime>2022-08-23T14:57:01.359+02:00</situationRecordFirstSupplierVersionTime><probabilityOfOccurrence>certain</probabilityOfOccurrence><source><sourceIdentification>Direction interdépartementale des routes/DIR Ouest</sourceIdentification><sourceName><values><value lang="fr">CEI de Savenay</value></values></sourceName><reliable>true</reliable></source><validity><validityStatus>definedByValidityTimeSpec</validityStatus><validityTimeSpecification><overallStartTime>2022-09-05T20:30:00.000+02:00</overallStartTime><overallEndTime>2022-10-28T06:00:00.000+02:00</overallEndTime><validPeriod><periodName><values><value lang="FR">Uniquement de nuit</value></values></periodName></validPeriod><exceptionPeriod><periodName><values><value lang="FR">week-end et jours fériés</value></values></periodName></exceptionPeriod></validityTimeSpecification></validity><impact><originalNumberOfLanes>2</originalNumberOfLanes></impact><generalPublicComment><comment><values><value lang="fr">DIR Ouest/District de Nantes/CEI de Savenay</value></values></comment><commentType>locationDescriptor</commentType></generalPublicComment><generalPublicComment><comment><values><value lang="fr">Point particulier : début : situé 7762 m à l'ouest de Prinquiau, fin : situé 4072 m à l'est de Saint-Nazaire Nord</value></values></comment><commentType>locationDescriptor</commentType></generalPublicComment><generalPublicComment><comment><values><value lang="fr">De Laval vers Saint-Nazaire</value></values></comment><commentType>locationDescriptor</commentType></generalPublicComment><groupOfLocations xsi:type="Linear"><supplementaryPositionalDescription><locationDescriptor>onConnector</locationDescriptor><locationDescriptor>onConnector</locationDescriptor><affectedCarriagewayAndLanes><carriageway>mainCarriageway</carriageway><lane>allLanesCompleteCarriageway</lane></affectedCarriagewayAndLanes></supplementaryPositionalDescription><tpegLinearLocation><tpegDirection>westBound</tpegDirection><tpegLinearLocationType>segment</tpegLinearLocationType><to xsi:type="TpegNonJunctionPoint"><pointCoordinates><latitude>47.324345</latitude><longitude>-2.164103</longitude></pointCoordinates><name><descriptor><values><value lang="fr">Montoir-de-Bretagne</value></values></descriptor><tpegOtherPointDescriptorType>townName</tpegOtherPointDescriptorType></name><name><descriptor><values><value lang="fr">N171</value></values></descriptor><tpegOtherPointDescriptorType>linkName</tpegOtherPointDescriptorType></name></to><from xsi:type="TpegNonJunctionPoint"><pointCoordinates><latitude>47.342304</latitude><longitude>-2.096297</longitude></pointCoordinates><name><descriptor><values><value lang="fr">Donges</value></values></descriptor><tpegOtherPointDescriptorType>townName</tpegOtherPointDescriptorType></name><name><descriptor><values><value lang="fr">N171</value></values></descriptor><tpegOtherPointDescriptorType>linkName</tpegOtherPointDescriptorType></name></from></tpegLinearLocation><alertCLinear xsi:type="AlertCMethod4Linear"><alertCLocationCountryCode>F</alertCLocationCountryCode><alertCLocationTableNumber>32</alertCLocationTableNumber><alertCLocationTableVersion>11.0</alertCLocationTableVersion><alertCDirection><alertCDirectionCoded>positive</alertCDirectionCoded></alertCDirection><alertCMethod4PrimaryPointLocation><alertCLocation><alertCLocationName><values><value lang="fr">Saint-Nazaire Nord</value></values></alertCLocationName><specificLocation>47707</specificLocation></alertCLocation><offsetDistance><offsetDistance>4072</offsetDistance></offsetDistance></alertCMethod4PrimaryPointLocation><alertCMethod4SecondaryPointLocation><alertCLocation><alertCLocationName><values><value lang="fr">Prinquiau</value></values></alertCLocationName><specificLocation>47704</specificLocation></alertCLocation><offsetDistance><offsetDistance>7762</offsetDistance></offsetDistance></alertCMethod4SecondaryPointLocation></alertCLinear><linearWithinLinearElement><directionRelativeOnLinearSection>aligned</directionRelativeOnLinearSection><linearElement><roadNumber>N0171</roadNumber></linearElement><fromPoint xsi:type="DistanceFromLinearElementReferent"><distanceAlong>754.0</distanceAlong><fromReferent><referentIdentifier>44PR84D</referentIdentifier><referentType>referenceMarker</referentType></fromReferent></fromPoint><toPoint xsi:type="DistanceFromLinearElementReferent"><distanceAlong>116.0</distanceAlong><fromReferent><referentIdentifier>44PR79D</referentIdentifier><referentType>referenceMarker</referentType></fromReferent></toPoint></linearWithinLinearElement></groupOfLocations><situationRecordExtension><situationRecordExtendedApproved><safetyRelatedMessage>false</safetyRelatedMessage></situationRecordExtendedApproved></situationRecordExtension><complianceOption>mandatory</complianceOption><reroutingManagementType>followLocalDiversion</reroutingManagementType><reroutingItineraryDescription><values><value lang="FR">- Déviations
    • Une déviation est mise en place pour les usagers de la RN 171 qui veulent se rendre vers Saint-Nazaire. Ils quittent la RN 171 au niveau de l’échangeur des « Six Croix », puis ils empruntent la RD 4 vers Donges jusqu’à la RD 100. Ils roulent sur la RD 100 jusqu’à l ‘échangeur de Montoir (RD 213). Enfin, ils empruntent la RD 213 jusqu’à l’échangeur de Certé où ils retrouvent leur itinéraire.
    •  Une déviation est mise en place pour les usagers du « Priory » qui veulent rejoindre la RN 171 en direction de Saint-Nazaire. Ils empruntent les voies communales suivantes : la route du Pont de Nyon, la Pilourdais, les Brouzils et la V.C Saint-Lucien, puis la RD 4 vers Donges jusqu’à la RD 100. Ils roulent sur la RD 100 jusqu’à l ‘échangeur de Montoir (RD 213). Enfin, ils empruntent la RD 213 jusqu’à l’échangeur de Certé où ils retrouvent leur itinéraire.
    • Une déviation est mise en place pour les usagers de l’échangeur des « Noës » qui veulent rejoindre la RN 171 en direction de Saint-Nazaire. Ils empruntent la rue de la Croix Chevalier et la rue Jules Vernes, puis la rue Jean Jaurès, la rue Louis Pasteur et la rue du docteur Schweitzer, et la RD 50 jusqu’à l ‘échangeur de Montoir de Bretagne. Ils roulent sur la RD 50 vers le port de Saint-Nazaire, puis empruntent les RD 971 et RD 971 B jusqu’à la RD 100. Ils empruntent la RD 100 jusqu’à l ‘échangeur de Montoir (RD 213). Enfin, ils empruntent la RD 213 jusqu’à l’échangeur de Certé où ils retrouvent leur itinéraire.
    • Une déviation est mise en place pour les usagers de l’échangeur de Montoir de Bretagne qui veulent rejoindre la RN 171 en direction de Saint-Nazaire. Ils empruntent la RD 50 vers le port de Saint-Nazaire, puis les RD 971 et RD 971 B jusqu’à la RD 100. Ils roulent sur la RD 100 jusqu’à l ‘échangeur de Montoir (RD 213). Enfin, ils empruntent la RD 213 jusqu’à l’échangeur de Certé où ils retrouvent leurs itinéraires.</value></values></reroutingItineraryDescription><signedRerouting>false</signedRerouting></situationRecord><situationRecord xsi:type="RoadOrCarriagewayOrLaneManagement" id="220823-001285-126" version="2"><situationRecordCreationTime>2022-09-28T20:56:50.175+02:00</situationRecordCreationTime><situationRecordObservationTime>2022-09-29T06:19:23.079+02:00</situationRecordObservationTime><situationRecordVersionTime>2022-09-29T06:19:34.911+02:00</situationRecordVersionTime><situationRecordFirstSupplierVersionTime>2022-09-28T20:56:50.175+02:00</situationRecordFirstSupplierVersionTime><probabilityOfOccurrence>certain</probabilityOfOccurrence><source><sourceIdentification>Direction interdépartementale des routes/DIR Ouest</sourceIdentification><sourceName><values><value lang="fr">CEI de Savenay</value></values></sourceName><reliable>true</reliable></source><validity><validityStatus>definedByValidityTimeSpec</validityStatus><validityTimeSpecification><overallStartTime>2022-09-28T20:56:50.175+02:00</overallStartTime><overallEndTime>2022-10-28T06:00:00.000+02:00</overallEndTime><validPeriod><periodName><values><value lang="FR">Uniquement de nuit</value></values></periodName></validPeriod><exceptionPeriod><periodName><values><value lang="FR">week-end et jours fériés</value></values></periodName></exceptionPeriod></validityTimeSpecification></validity><impact><originalNumberOfLanes>2</originalNumberOfLanes></impact><generalPublicComment><comment><values><value lang="fr">DIR Ouest/District de Nantes/CEI de Savenay</value></values></comment><commentType>locationDescriptor</commentType></generalPublicComment><generalPublicComment><comment><values><value lang="fr">Point particulier : début : situé 7762 m à l'ouest de Prinquiau, fin : situé 4072 m à l'est de Saint-Nazaire Nord</value></values></comment><commentType>locationDescriptor</commentType></generalPublicComment><generalPublicComment><comment><values><value lang="fr">De Laval vers Saint-Nazaire</value></values></comment><commentType>locationDescriptor</commentType></generalPublicComment><groupOfLocations xsi:type="Linear"><supplementaryPositionalDescription><locationDescriptor>onConnector</locationDescriptor><locationDescriptor>onConnector</locationDescriptor><affectedCarriagewayAndLanes><carriageway>mainCarriageway</carriageway><lane>allLanesCompleteCarriageway</lane></affectedCarriagewayAndLanes></supplementaryPositionalDescription><tpegLinearLocation><tpegDirection>westBound</tpegDirection><tpegLinearLocationType>segment</tpegLinearLocationType><to xsi:type="TpegNonJunctionPoint"><pointCoordinates><latitude>47.324345</latitude><longitude>-2.164103</longitude></pointCoordinates><name><descriptor><values><value lang="fr">Montoir-de-Bretagne</value></values></descriptor><tpegOtherPointDescriptorType>townName</tpegOtherPointDescriptorType></name><name><descriptor><values><value lang="fr">N171</value></values></descriptor><tpegOtherPointDescriptorType>linkName</tpegOtherPointDescriptorType></name></to><from xsi:type="TpegNonJunctionPoint"><pointCoordinates><latitude>47.342304</latitude><longitude>-2.096297</longitude></pointCoordinates><name><descriptor><values><value lang="fr">Donges</value></values></descriptor><tpegOtherPointDescriptorType>townName</tpegOtherPointDescriptorType></name><name><descriptor><values><value lang="fr">N171</value></values></descriptor><tpegOtherPointDescriptorType>linkName</tpegOtherPointDescriptorType></name></from></tpegLinearLocation><alertCLinear xsi:type="AlertCMethod4Linear"><alertCLocationCountryCode>F</alertCLocationCountryCode><alertCLocationTableNumber>32</alertCLocationTableNumber><alertCLocationTableVersion>11.0</alertCLocationTableVersion><alertCDirection><alertCDirectionCoded>positive</alertCDirectionCoded></alertCDirection><alertCMethod4PrimaryPointLocation><alertCLocation><alertCLocationName><values><value lang="fr">Saint-Nazaire Nord</value></values></alertCLocationName><specificLocation>47707</specificLocation></alertCLocation><offsetDistance><offsetDistance>4072</offsetDistance></offsetDistance></alertCMethod4PrimaryPointLocation><alertCMethod4SecondaryPointLocation><alertCLocation><alertCLocationName><values><value lang="fr">Prinquiau</value></values></alertCLocationName><specificLocation>47704</specificLocation></alertCLocation><offsetDistance><offsetDistance>7762</offsetDistance></offsetDistance></alertCMethod4SecondaryPointLocation></alertCLinear><linearWithinLinearElement><directionRelativeOnLinearSection>aligned</directionRelativeOnLinearSection><linearElement><roadNumber>N0171</roadNumber></linearElement><fromPoint xsi:type="DistanceFromLinearElementReferent"><distanceAlong>754.0</distanceAlong><fromReferent><referentIdentifier>44PR84D</referentIdentifier><referentType>referenceMarker</referentType></fromReferent></fromPoint><toPoint xsi:type="DistanceFromLinearElementReferent"><distanceAlong>116.0</distanceAlong><fromReferent><referentIdentifier>44PR79D</referentIdentifier><referentType>referenceMarker</referentType></fromReferent></toPoint></linearWithinLinearElement></groupOfLocations><management><lifeCycleManagement><end>true</end></lifeCycleManagement></management><situationRecordExtension><situationRecordExtendedApproved><safetyRelatedMessage>false</safetyRelatedMessage></situationRecordExtendedApproved></situationRecordExtension><complianceOption>mandatory</complianceOption><roadOrCarriagewayOrLaneManagementType>roadClosed</roadOrCarriagewayOrLaneManagementType></situationRecord></situation></payloadPublication></d2LogicalModel></soap:Body></soap:Envelope>