<?xml version="1.0" encoding="UTF-8"?><soap:Envelope xmlns:soap="http://www.w3.org/2003/05/soap-envelope"><soap:Body><d2LogicalModel xmlns="http://datex2.eu/schema/2/2_0" modelBaseVersion="2"><exchange><supplierIdentification><country>fr</country><nationalIdentifier>Tipi</nationalIdentifier></supplierIdentification><subscription><operatingMode>operatingMode1</operatingMode><subscriptionStartTime>2022-08-28T11:49:08.575+02:00</subscriptionStartTime><subscriptionState>active</subscriptionState><updateMethod>allElementUpdate</updateMethod><target><address/><protocol/></target></subscription></exchange><payloadPublication xmlns:xsi="http://www.w3.org/2001/XMLSchema-instance" xsi:type="SituationPublication" lang="fr"><publicationTime>2022-08-28T11:49:08.575+02:00</publicationTime><publicationCreator><country>fr</country><nationalIdentifier>Tipi</nationalIdentifier></publicationCreator><situation id="220828-000549" version="2"><overallSeverity>low</overallSeverity><situationVersionTime>2022-08-28T11:49:08.152+02:00</situationVersionTime><headerInformation><confidentiality>noRestriction</confidentiality><informationStatus>real</informationStatus></headerInformation><situationRecord xsi:type="GeneralObstruction" id="220828-000549-1" version="2"><situationRecordCreationReference>Allegro-220828-000006-Allegro-220828-000006-000001</situationRecordCreationReference><situationRecordCreationTime>2022-08-28T11:46:53.000+02:00</situationRecordCreationTime><situationRecordObservationTime>2022-08-28T11:48:42.000+02:00</situationRecordObservationTime><situationRecordVersionTime>2022-08-28T11:49:08.152+02:00</situationRecordVersionTime><situationRecordFirstSupplierVersionTime>2022-08-28T11:46:53.000+02:00</situationRecordFirstSupplierVersionTime><probabilityOfOccurrence>certain</probabilityOfOccurrence><source><sourceIdentification>Direction interdépartementale des routes/DIR Nord</sourceIdentification><sourceName><values><value lang="fr">CIGT Lille</value></values></sourceName><reliable>true</reliable></source><validity><validityStatus>definedByValidityTimeSpec</validityStatus><validityTimeSpecification><overallStartTime>2022-08-28T11:46:53.000+02:00</overallStartTime></validityTimeSpecification></validity><impact><numberOfLanesRestricted>0</numberOfLanesRestricted><originalNumberOfLanes>3</originalNumberOfLanes></impact><generalPublicComment><comment><values><value lang="fr">situé 214 m au nord de A1 / A21</value></values></comment><commentType>locationDescriptor</commentType></generalPublicComment><generalPublicComment><comment><values><value lang="fr">Hors voie de circulation</value></values></comment><commentType>locationDescriptor</commentType></generalPublicComment><generalPublicComment><comment><values><value lang="fr">Sanef</value></values></comment><commentType>locationDescriptor</commentType></generalPublicComment><generalPublicComment><comment><values><value lang="fr">De Lille vers Paris</value></values></comment><commentType>locationDescriptor</commentType></generalPublicComment><groupOfLocations xsi:type="Point"><supplementaryPositionalDescription><affectedCarriagewayAndLanes><carriageway>mainCarriageway</carriageway><lane>hardShoulder</lane></affectedCarriagewayAndLanes></supplementaryPositionalDescription><tpegPointLocation xsi:type="TpegSimplePoint"><tpegDirection>southBound</tpegDirection><tpegSimplePointLocationType>nonLinkedPoint</tpegSimplePointLocationType><point xsi:type="TpegNonJunctionPoint"><pointCoordinates><latitude>50.427486</latitude><longitude>2.982625</longitude></pointCoordinates><name><descriptor><values><value lang="fr">Dourges</value></values></descriptor><tpegOtherPointDescriptorType>townName</tpegOtherPointDescriptorType></name><name><descriptor><values><value lang="fr">A1</value></values></descriptor><tpegOtherPointDescriptorType>linkName</tpegOtherPointDescriptorType></name></point></tpegPointLocation><alertCPoint xsi:type="AlertCMethod4Point"><alertCLocationCountryCode>F</alertCLocationCountryCode><alertCLocationTableNumber>32</alertCLocationTableNumber><alertCLocationTableVersion>11.0</alertCLocationTableVersion><alertCDirection><alertCDirectionCoded>negative</alertCDirectionCoded></alertCDirection><alertCMethod4PrimaryPointLocation><alertCLocation><alertCLocationName><values><value lang="fr">A1 / A21</value></values></alertCLocationName><specificLocation>11057</specificLocation></alertCLocation><offsetDistance><offsetDistance>214</offsetDistance></offsetDistance></alertCMethod4PrimaryPointLocation></alertCPoint><pointAlongLinearElement><directionRelativeAtPoint>opposite</directionRelativeAtPoint><linearElement><roadNumber>A0001</roadNumber></linearElement><distanceAlongLinearElement xsi:type="DistanceFromLinearElementReferent"><distanceAlong>0.0</distanceAlong><fromReferent><referentIdentifier>62PR186GC</referentIdentifier><referentType>referenceMarker</referentType></fromReferent></distanceAlongLinearElement></pointAlongLinearElement></groupOfLocations><situationRecordExtension><situationRecordExtendedApproved><safetyRelatedMessage>false</safetyRelatedMessage></situationRecordExtendedApproved></situationRecordExtension><mobilityOfObstruction><mobilityType>stationary</mobilityType></mobilityOfObstruction><obstructionType>incident</obstructionType></situationRecord></situation></payloadPublication></d2LogicalModel></soap:Body></soap:Envelope>