<?xml version="1.0" encoding="UTF-8"?><soap:Envelope xmlns:soap="http://www.w3.org/2003/05/soap-envelope"><soap:Body><d2LogicalModel xmlns="http://datex2.eu/schema/2/2_0" modelBaseVersion="2"><exchange><supplierIdentification><country>fr</country><nationalIdentifier>Tipi</nationalIdentifier></supplierIdentification><subscription><operatingMode>operatingMode1</operatingMode><subscriptionStartTime>2022-07-29T09:47:43.215+02:00</subscriptionStartTime><subscriptionState>active</subscriptionState><updateMethod>allElementUpdate</updateMethod><target><address/><protocol/></target></subscription></exchange><payloadPublication xmlns:xsi="http://www.w3.org/2001/XMLSchema-instance" xsi:type="SituationPublication" lang="fr"><publicationTime>2022-07-29T09:47:43.215+02:00</publicationTime><publicationCreator><country>fr</country><nationalIdentifier>Tipi</nationalIdentifier></publicationCreator><situation id="220729-000391" version="2"><overallSeverity>medium</overallSeverity><situationVersionTime>2022-07-29T09:47:42.338+02:00</situationVersionTime><headerInformation><confidentiality>noRestriction</confidentiality><informationStatus>real</informationStatus></headerInformation><situationRecord xsi:type="VehicleObstruction" id="220729-000391-1" version="2"><situationRecordCreationTime>2022-07-29T08:45:02.568+02:00</situationRecordCreationTime><situationRecordObservationTime>2022-07-29T09:47:15.370+02:00</situationRecordObservationTime><situationRecordVersionTime>2022-07-29T09:47:42.338+02:00</situationRecordVersionTime><situationRecordFirstSupplierVersionTime>2022-07-29T08:45:02.568+02:00</situationRecordFirstSupplierVersionTime><probabilityOfOccurrence>certain</probabilityOfOccurrence><source><sourceIdentification>Gendarmerie/CORG</sourceIdentification><sourceType>mobileTelephoneCaller</sourceType><reliable>true</reliable></source><validity><validityStatus>definedByValidityTimeSpec</validityStatus><validityTimeSpecification><overallStartTime>2022-07-29T08:45:02.568+02:00</overallStartTime></validityTimeSpecification></validity><generalPublicComment><comment><values><value lang="fr">situé 5700 m à l'ouest de Lisle-sur-Tarn</value></values></comment><commentType>locationDescriptor</commentType></generalPublicComment><generalPublicComment><comment><values><value lang="fr">DIR Sud-Ouest/District Est (Carmaux)/CEI Montans</value></values></comment><commentType>locationDescriptor</commentType></generalPublicComment><generalPublicComment><comment><values><value lang="fr">De Toulouse vers Albi</value></values></comment><commentType>locationDescriptor</commentType></generalPublicComment><groupOfLocations xsi:type="Point"><tpegPointLocation xsi:type="TpegSimplePoint"><tpegDirection>eastBound</tpegDirection><tpegSimplePointLocationType>nonLinkedPoint</tpegSimplePointLocationType><point xsi:type="TpegNonJunctionPoint"><pointCoordinates><latitude>43.808647</latitude><longitude>1.7911272</longitude></pointCoordinates><name><descriptor><values><value lang="fr">Parisot</value></values></descriptor><tpegOtherPointDescriptorType>townName</tpegOtherPointDescriptorType></name><name><descriptor><values><value lang="fr">A68</value></values></descriptor><tpegOtherPointDescriptorType>linkName</tpegOtherPointDescriptorType></name></point></tpegPointLocation><alertCPoint xsi:type="AlertCMethod4Point"><alertCLocationCountryCode>F</alertCLocationCountryCode><alertCLocationTableNumber>32</alertCLocationTableNumber><alertCLocationTableVersion>11.0</alertCLocationTableVersion><alertCDirection><alertCDirectionCoded>positive</alertCDirectionCoded></alertCDirection><alertCMethod4PrimaryPointLocation><alertCLocation><alertCLocationName><values><value lang="fr">Lisle-sur-Tarn</value></values></alertCLocationName><specificLocation>17414</specificLocation></alertCLocation><offsetDistance><offsetDistance>5700</offsetDistance></offsetDistance></alertCMethod4PrimaryPointLocation></alertCPoint><pointAlongLinearElement><directionRelativeAtPoint>aligned</directionRelativeAtPoint><linearElement><roadNumber>A0068</roadNumber></linearElement><distanceAlongLinearElement xsi:type="DistanceFromLinearElementReferent"><distanceAlong>0.0</distanceAlong><fromReferent><referentIdentifier>81PR36D</referentIdentifier><referentType>referenceMarker</referentType></fromReferent></distanceAlongLinearElement></pointAlongLinearElement></groupOfLocations><management><lifeCycleManagement><end>true</end></lifeCycleManagement></management><situationRecordExtension><situationRecordExtendedApproved><safetyRelatedMessage>true</safetyRelatedMessage></situationRecordExtendedApproved></situationRecordExtension><vehicleObstructionType>brokenDownVehicle</vehicleObstructionType><obstructingVehicle><vehicleCharacteristics><vehicleType>car</vehicleType></vehicleCharacteristics></obstructingVehicle></situationRecord></situation></payloadPublication></d2LogicalModel></soap:Body></soap:Envelope>