<?xml version="1.0" encoding="UTF-8"?><soap:Envelope xmlns:soap="http://www.w3.org/2003/05/soap-envelope"><soap:Body><d2LogicalModel xmlns="http://datex2.eu/schema/2/2_0" modelBaseVersion="2"><exchange><supplierIdentification><country>fr</country><nationalIdentifier>Tipi</nationalIdentifier></supplierIdentification><subscription><operatingMode>operatingMode1</operatingMode><subscriptionStartTime>2022-07-14T13:10:05.646+02:00</subscriptionStartTime><subscriptionState>active</subscriptionState><updateMethod>allElementUpdate</updateMethod><target><address/><protocol/></target></subscription></exchange><payloadPublication xmlns:xsi="http://www.w3.org/2001/XMLSchema-instance" xsi:type="SituationPublication" lang="fr"><publicationTime>2022-07-14T13:10:05.646+02:00</publicationTime><publicationCreator><country>fr</country><nationalIdentifier>Tipi</nationalIdentifier></publicationCreator><situation id="220714-000748" version="2"><overallSeverity>medium</overallSeverity><situationVersionTime>2022-07-14T13:10:04.969+02:00</situationVersionTime><headerInformation><confidentiality>noRestriction</confidentiality><informationStatus>real</informationStatus></headerInformation><situationRecord xsi:type="VehicleObstruction" id="220714-000748-1" version="2"><situationRecordCreationReference>Sirius_500393524-Sirius_500393524_1</situationRecordCreationReference><situationRecordCreationTime>2022-07-14T11:47:28.000+02:00</situationRecordCreationTime><situationRecordObservationTime>2022-07-14T13:09:08.000+02:00</situationRecordObservationTime><situationRecordVersionTime>2022-07-14T13:10:04.969+02:00</situationRecordVersionTime><situationRecordFirstSupplierVersionTime>2022-07-14T11:47:28.000+02:00</situationRecordFirstSupplierVersionTime><probabilityOfOccurrence>certain</probabilityOfOccurrence><source><sourceIdentification>Direction interdépartementale des routes/DIR Île-de-France</sourceIdentification><reliable>true</reliable></source><validity><validityStatus>definedByValidityTimeSpec</validityStatus><validityTimeSpecification><overallStartTime>2022-07-14T11:47:28.000+02:00</overallStartTime><overallEndTime>2022-07-14T13:09:08.000+02:00</overallEndTime></validityTimeSpecification></validity><impact><originalNumberOfLanes>2</originalNumberOfLanes></impact><generalPublicComment><comment><values><value lang="fr">situé 85 m à l'est de Gennevilliers</value></values></comment><commentType>locationDescriptor</commentType></generalPublicComment><generalPublicComment><comment><values><value lang="fr">DIR Île-de-France</value></values></comment><commentType>locationDescriptor</commentType></generalPublicComment><generalPublicComment><comment><values><value lang="fr">De Versailles vers Rueil-Malmaison</value></values></comment><commentType>locationDescriptor</commentType></generalPublicComment><groupOfLocations xsi:type="Point"><tpegPointLocation xsi:type="TpegSimplePoint"><tpegDirection>outerRing</tpegDirection><tpegSimplePointLocationType>nonLinkedPoint</tpegSimplePointLocationType><point xsi:type="TpegNonJunctionPoint"><pointCoordinates><latitude>48.937767</latitude><longitude>2.296255</longitude></pointCoordinates><name><descriptor><values><value lang="fr">Gennevilliers</value></values></descriptor><tpegOtherPointDescriptorType>townName</tpegOtherPointDescriptorType></name><name><descriptor><values><value lang="fr">A86</value></values></descriptor><tpegOtherPointDescriptorType>linkName</tpegOtherPointDescriptorType></name></point></tpegPointLocation><alertCPoint xsi:type="AlertCMethod4Point"><alertCLocationCountryCode>F</alertCLocationCountryCode><alertCLocationTableNumber>32</alertCLocationTableNumber><alertCLocationTableVersion>11.0</alertCLocationTableVersion><alertCDirection><alertCDirectionCoded>negative</alertCDirectionCoded></alertCDirection><alertCMethod4PrimaryPointLocation><alertCLocation><alertCLocationName><values><value lang="fr">Gennevilliers</value></values></alertCLocationName><specificLocation>13186</specificLocation></alertCLocation><offsetDistance><offsetDistance>85</offsetDistance></offsetDistance></alertCMethod4PrimaryPointLocation></alertCPoint><pointAlongLinearElement><directionRelativeAtPoint>opposite</directionRelativeAtPoint><linearElement><roadNumber>A0086</roadNumber></linearElement><distanceAlongLinearElement xsi:type="DistanceFromLinearElementReferent"><distanceAlong>600.0</distanceAlong><fromReferent><referentIdentifier>92PR8G</referentIdentifier><referentType>referenceMarker</referentType></fromReferent></distanceAlongLinearElement></pointAlongLinearElement></groupOfLocations><management><lifeCycleManagement><end>true</end></lifeCycleManagement></management><situationRecordExtension><situationRecordExtendedApproved><safetyRelatedMessage>true</safetyRelatedMessage></situationRecordExtendedApproved></situationRecordExtension><vehicleObstructionType>brokenDownVehicle</vehicleObstructionType><obstructingVehicle><vehicleCharacteristics><vehicleType>car</vehicleType></vehicleCharacteristics></obstructingVehicle></situationRecord></situation></payloadPublication></d2LogicalModel></soap:Body></soap:Envelope>