<?xml version="1.0" encoding="UTF-8"?><soap:Envelope xmlns:soap="http://www.w3.org/2003/05/soap-envelope"><soap:Body><d2LogicalModel xmlns="http://datex2.eu/schema/2/2_0" modelBaseVersion="2"><exchange><supplierIdentification><country>fr</country><nationalIdentifier>Tipi</nationalIdentifier></supplierIdentification><subscription><operatingMode>operatingMode1</operatingMode><subscriptionStartTime>2023-04-04T07:10:30.769+02:00</subscriptionStartTime><subscriptionState>active</subscriptionState><updateMethod>allElementUpdate</updateMethod><target><address/><protocol/></target></subscription></exchange><payloadPublication xmlns:xsi="http://www.w3.org/2001/XMLSchema-instance" xsi:type="SituationPublication" lang="fr"><publicationTime>2023-04-04T07:10:30.769+02:00</publicationTime><publicationCreator><country>fr</country><nationalIdentifier>Tipi</nationalIdentifier></publicationCreator><situation id="230404-000218" version="1"><overallSeverity>medium</overallSeverity><situationVersionTime>2023-04-04T07:10:30.207+02:00</situationVersionTime><headerInformation><confidentiality>noRestriction</confidentiality><informationStatus>real</informationStatus></headerInformation><situationRecord xsi:type="AbnormalTraffic" id="230404-000218-1" version="1"><situationRecordCreationReference>frvau2023-04-04-86345-frvau230404-86345-4</situationRecordCreationReference><situationRecordCreationTime>2023-04-04T07:08:00.851+02:00</situationRecordCreationTime><situationRecordObservationTime>2023-04-04T07:08:00.851+02:00</situationRecordObservationTime><situationRecordVersionTime>2023-04-04T07:10:30.207+02:00</situationRecordVersionTime><situationRecordFirstSupplierVersionTime>2023-04-04T07:08:00.851+02:00</situationRecordFirstSupplierVersionTime><probabilityOfOccurrence>certain</probabilityOfOccurrence><source><sourceIdentification>Direction interdépartementale des routes/DIR Est</sourceIdentification><sourceType>cameraObservation</sourceType><reliable>true</reliable></source><validity><validityStatus>definedByValidityTimeSpec</validityStatus><validityTimeSpecification><overallStartTime>2023-04-04T07:08:00.000+02:00</overallStartTime><overallEndTime>2023-04-04T09:30:00.000+02:00</overallEndTime></validityTimeSpecification></validity><impact><originalNumberOfLanes>1</originalNumberOfLanes></impact><generalPublicComment><comment><values><value lang="fr">DIR Est/DE Besançon/District Besançon/CEI Franois</value></values></comment><commentType>locationDescriptor</commentType></generalPublicComment><generalPublicComment><comment><values><value lang="fr">Point particulier : début : situé 0 m au nord de Besançon (Echangeur des Boulev, fin : situé 0 m au sud de Besançon (Echangeur des Boulev</value></values></comment><commentType>locationDescriptor</commentType></generalPublicComment><generalPublicComment><comment><values><value lang="fr">De Suisse - Lausanne vers Metz</value></values></comment><commentType>locationDescriptor</commentType></generalPublicComment><groupOfLocations xsi:type="Linear"><tpegLinearLocation><tpegDirection>northBound</tpegDirection><tpegLinearLocationType>segment</tpegLinearLocationType><to xsi:type="TpegNonJunctionPoint"><pointCoordinates><latitude>47.2107</latitude><longitude>5.998994</longitude></pointCoordinates><name><descriptor><values><value lang="fr">Beure</value></values></descriptor><tpegOtherPointDescriptorType>townName</tpegOtherPointDescriptorType></name><name><descriptor><values><value lang="fr">N57</value></values></descriptor><tpegOtherPointDescriptorType>linkName</tpegOtherPointDescriptorType></name></to><from xsi:type="TpegNonJunctionPoint"><pointCoordinates><latitude>47.216072</latitude><longitude>6.0140824</longitude></pointCoordinates><name><descriptor><values><value lang="fr">Beure</value></values></descriptor><tpegOtherPointDescriptorType>townName</tpegOtherPointDescriptorType></name><name><descriptor><values><value lang="fr">N57</value></values></descriptor><tpegOtherPointDescriptorType>linkName</tpegOtherPointDescriptorType></name></from></tpegLinearLocation><alertCLinear xsi:type="AlertCMethod4Linear"><alertCLocationCountryCode>F</alertCLocationCountryCode><alertCLocationTableNumber>32</alertCLocationTableNumber><alertCLocationTableVersion>11.0</alertCLocationTableVersion><alertCDirection><alertCDirectionCoded>negative</alertCDirectionCoded></alertCDirection><alertCMethod4PrimaryPointLocation><alertCLocation><alertCLocationName><values><value lang="fr">Besançon (Echangeur des Boulev</value></values></alertCLocationName><specificLocation>44540</specificLocation></alertCLocation><offsetDistance><offsetDistance>0</offsetDistance></offsetDistance></alertCMethod4PrimaryPointLocation><alertCMethod4SecondaryPointLocation><alertCLocation><alertCLocationName><values><value lang="fr">Besançon (Echangeur des Boulev</value></values></alertCLocationName><specificLocation>44540</specificLocation></alertCLocation><offsetDistance><offsetDistance>0</offsetDistance></offsetDistance></alertCMethod4SecondaryPointLocation></alertCLinear><linearWithinLinearElement><directionRelativeOnLinearSection>opposite</directionRelativeOnLinearSection><linearElement><roadNumber>N0057</roadNumber></linearElement><fromPoint xsi:type="DistanceFromLinearElementReferent"><distanceAlong>1134.0</distanceAlong><fromReferent><referentIdentifier>25PR14U</referentIdentifier><referentType>referenceMarker</referentType></fromReferent></fromPoint><toPoint xsi:type="DistanceFromLinearElementReferent"><distanceAlong>0.0</distanceAlong><fromReferent><referentIdentifier>25PR16G</referentIdentifier><referentType>referenceMarker</referentType></fromReferent></toPoint></linearWithinLinearElement></groupOfLocations><situationRecordExtension><situationRecordExtendedApproved><safetyRelatedMessage>false</safetyRelatedMessage></situationRecordExtendedApproved></situationRecordExtension><abnormalTrafficType>queuingTraffic</abnormalTrafficType><queueLength>1369</queueLength><relativeTrafficFlow>trafficFlowNormal</relativeTrafficFlow></situationRecord></situation></payloadPublication></d2LogicalModel></soap:Body></soap:Envelope>