<?xml version="1.0" encoding="UTF-8"?><soap:Envelope xmlns:soap="http://www.w3.org/2003/05/soap-envelope"><soap:Body><d2LogicalModel xmlns="http://datex2.eu/schema/2/2_0" modelBaseVersion="2"><exchange><supplierIdentification><country>fr</country><nationalIdentifier>Tipi</nationalIdentifier></supplierIdentification><subscription><operatingMode>operatingMode1</operatingMode><subscriptionStartTime>2025-01-08T08:32:32.863+01:00</subscriptionStartTime><subscriptionState>active</subscriptionState><updateMethod>allElementUpdate</updateMethod><target><address/><protocol/></target></subscription></exchange><payloadPublication xmlns:xsi="http://www.w3.org/2001/XMLSchema-instance" xsi:type="SituationPublication" lang="fr"><publicationTime>2025-01-08T08:32:32.863+01:00</publicationTime><publicationCreator><country>fr</country><nationalIdentifier>Tipi</nationalIdentifier></publicationCreator><situation id="250108-000470" version="1"><overallSeverity>high</overallSeverity><situationVersionTime>2025-01-08T08:32:32.369+01:00</situationVersionTime><headerInformation><confidentiality>noRestriction</confidentiality><informationStatus>real</informationStatus></headerInformation><situationRecord xsi:type="Accident" id="250108-000470-1" version="1"><situationRecordCreationReference>EVE_DIRSO-S-250108-0041-EVE_DIRSO-SR-250108-000020</situationRecordCreationReference><situationRecordCreationTime>2025-01-08T08:32:26.831+01:00</situationRecordCreationTime><situationRecordObservationTime>2025-01-08T08:32:26.773+01:00</situationRecordObservationTime><situationRecordVersionTime>2025-01-08T08:32:32.369+01:00</situationRecordVersionTime><situationRecordFirstSupplierVersionTime>2025-01-08T08:32:26.831+01:00</situationRecordFirstSupplierVersionTime><probabilityOfOccurrence>certain</probabilityOfOccurrence><source><sourceIdentification>Direction interdépartementale des routes/DIR Sud-Ouest</sourceIdentification><reliable>true</reliable></source><validity><validityStatus>definedByValidityTimeSpec</validityStatus><validityTimeSpecification><overallStartTime>2025-01-08T08:32:06.529+01:00</overallStartTime></validityTimeSpecification></validity><impact><numberOfLanesRestricted>0</numberOfLanesRestricted><originalNumberOfLanes>2</originalNumberOfLanes></impact><generalPublicComment><comment><values><value lang="fr">situé 2558 m à l'ouest de En Jacca</value></values></comment><commentType>locationDescriptor</commentType></generalPublicComment><generalPublicComment><comment><values><value lang="fr">sur bretelle de sortie</value></values></comment><commentType>locationDescriptor</commentType></generalPublicComment><groupOfLocations xsi:type="Point"><externalReferencing><externalLocationCode>ID--0</externalLocationCode><externalReferencingSystem>TipiBretelle</externalReferencingSystem></externalReferencing><supplementaryPositionalDescription><locationDescriptor>onConnector</locationDescriptor><affectedCarriagewayAndLanes><carriageway>exitSlipRoad</carriageway><lengthAffected>0.0</lengthAffected></affectedCarriagewayAndLanes></supplementaryPositionalDescription><tpegPointLocation xsi:type="TpegSimplePoint"><tpegDirection>eastBound</tpegDirection><tpegSimplePointLocationType>nonLinkedPoint</tpegSimplePointLocationType><point xsi:type="TpegNonJunctionPoint"><pointCoordinates><latitude>43.59919</latitude><longitude>1.2788895</longitude></pointCoordinates><name><descriptor><values><value lang="fr">Léguevin</value></values></descriptor><tpegOtherPointDescriptorType>townName</tpegOtherPointDescriptorType></name><name><descriptor><values><value lang="fr">N124</value></values></descriptor><tpegOtherPointDescriptorType>linkName</tpegOtherPointDescriptorType></name></point></tpegPointLocation><alertCPoint xsi:type="AlertCMethod4Point"><alertCLocationCountryCode>F</alertCLocationCountryCode><alertCLocationTableNumber>32</alertCLocationTableNumber><alertCLocationTableVersion>11.0</alertCLocationTableVersion><alertCDirection><alertCDirectionCoded>negative</alertCDirectionCoded></alertCDirection><alertCMethod4PrimaryPointLocation><alertCLocation><alertCLocationName><values><value lang="fr">En Jacca</value></values></alertCLocationName><specificLocation>17770</specificLocation></alertCLocation><offsetDistance><offsetDistance>2558</offsetDistance></offsetDistance></alertCMethod4PrimaryPointLocation></alertCPoint><pointAlongLinearElement><directionRelativeAtPoint>opposite</directionRelativeAtPoint><linearElement><roadName><values><value lang="fr">N124</value></values></roadName></linearElement><distanceAlongLinearElement xsi:type="DistanceFromLinearElementReferent"><distanceAlong>157.0</distanceAlong><fromReferent><referentIdentifier>31PR13G</referentIdentifier><referentType>referenceMarker</referentType></fromReferent></distanceAlongLinearElement></pointAlongLinearElement></groupOfLocations><situationRecordExtension><situationRecordExtendedApproved><safetyRelatedMessage>true</safetyRelatedMessage></situationRecordExtendedApproved></situationRecordExtension><accidentType>accident</accidentType><groupOfVehiclesInvolved><numberOfVehicles>1</numberOfVehicles><vehicleCharacteristics><vehicleType>car</vehicleType></vehicleCharacteristics></groupOfVehiclesInvolved><groupOfVehiclesInvolved><numberOfVehicles>1</numberOfVehicles><vehicleCharacteristics><vehicleType>twoWheeledVehicle</vehicleType></vehicleCharacteristics></groupOfVehiclesInvolved></situationRecord></situation></payloadPublication></d2LogicalModel></soap:Body></soap:Envelope>